"","country","countryLabel","capital","capitalLabel","ISO_3166_alpha_2","ISO_3166_alpha_3","ISO_3166_num","Flags_of_the_World_ID","continent","continentLabel","currency","currencyLabel","area","coordinate_location","wikidata_country_id"
"1","http://www.wikidata.org/entity/Q889","Afghanistan","http://www.wikidata.org/entity/Q5838","Kabul","AF","AFG",4,"http://commons.wikimedia.org/wiki/Special:FilePath/Flag%20of%20Afghanistan.svg","http://www.wikidata.org/entity/Q48","Asia","http://www.wikidata.org/entity/Q199471","Afghan afghani",652230,"Point(66.0 34.0)","Q889"
"2","http://www.wikidata.org/entity/Q222","Albania","http://www.wikidata.org/entity/Q19689","Tirana","AL","ALB",8,"http://commons.wikimedia.org/wiki/Special:FilePath/Flag%20of%20Albania.svg","http://www.wikidata.org/entity/Q46","Europe","http://www.wikidata.org/entity/Q125999","Albanian lek",28748,"Point(20.0 41.0)","Q222"
"3","http://www.wikidata.org/entity/Q262","Algeria","http://www.wikidata.org/entity/Q3561","Algiers","DZ","DZA",12,"http://commons.wikimedia.org/wiki/Special:FilePath/Flag%20of%20Algeria.svg","http://www.wikidata.org/entity/Q15","Africa","http://www.wikidata.org/entity/Q199674","Algerian dinar",2381741,"Point(1.0 28.0)","Q262"
"4","http://www.wikidata.org/entity/Q228","Andorra","http://www.wikidata.org/entity/Q1863","Andorra la Vella","AD","AND",20,"http://commons.wikimedia.org/wiki/Special:FilePath/Flag%20of%20Andorra.svg","http://www.wikidata.org/entity/Q46","Europe","http://www.wikidata.org/entity/Q4916","euro",468,"Point(1.555277777 42.558333333)","Q228"
"5","http://www.wikidata.org/entity/Q916","Angola","http://www.wikidata.org/entity/Q3897","Luanda","AO","AGO",24,"http://commons.wikimedia.org/wiki/Special:FilePath/Flag%20of%20Angola.svg","http://www.wikidata.org/entity/Q15","Africa","http://www.wikidata.org/entity/Q200337","kwanza",1246700,"Point(17.35 -12.35)","Q916"
"6","http://www.wikidata.org/entity/Q781","Antigua and Barbuda","http://www.wikidata.org/entity/Q36262","Saint John's","AG","ATG",28,"http://commons.wikimedia.org/wiki/Special:FilePath/Flag%20of%20Antigua%20and%20Barbuda.svg","http://www.wikidata.org/entity/Q49","North America","http://www.wikidata.org/entity/Q26365","Eastern Caribbean dollar",440.29,"Point(-61.85 17.116666666)","Q781"
"7","http://www.wikidata.org/entity/Q414","Argentina","http://www.wikidata.org/entity/Q1486","Buenos Aires","AR","ARG",32,"http://commons.wikimedia.org/wiki/Special:FilePath/Flag%20of%20Argentina.svg","http://www.wikidata.org/entity/Q18","South America","http://www.wikidata.org/entity/Q199578","Argentine peso",2780400,"Point(-64.0 -34.0)","Q414"
"8","http://www.wikidata.org/entity/Q399","Armenia","http://www.wikidata.org/entity/Q1953","Yerevan","AM","ARM",51,"http://commons.wikimedia.org/wiki/Special:FilePath/Flag%20of%20Armenia.svg","http://www.wikidata.org/entity/Q46","Europe","http://www.wikidata.org/entity/Q130498","Armenian dram",29743.423459,"Point(44.95 40.383333)","Q399"
"9","http://www.wikidata.org/entity/Q399","Armenia","http://www.wikidata.org/entity/Q1953","Yerevan","AM","ARM",51,"http://commons.wikimedia.org/wiki/Special:FilePath/Flag%20of%20Armenia.svg","http://www.wikidata.org/entity/Q48","Asia","http://www.wikidata.org/entity/Q130498","Armenian dram",29743.423459,"Point(44.95 40.383333)","Q399"
"10","http://www.wikidata.org/entity/Q408","Australia","http://www.wikidata.org/entity/Q3114","Canberra","AU","AUS",36,"http://commons.wikimedia.org/wiki/Special:FilePath/Flag%20of%20Australia%20%28converted%29.svg","http://www.wikidata.org/entity/Q538","Oceania","http://www.wikidata.org/entity/Q259502","Australian dollar",7692024,"Point(137.0 -28.0)","Q408"
"11","http://www.wikidata.org/entity/Q40","Austria","http://www.wikidata.org/entity/Q1741","Vienna","AT","AUT",40,"http://commons.wikimedia.org/wiki/Special:FilePath/Flag%20of%20Austria.svg","http://www.wikidata.org/entity/Q46","Europe","http://www.wikidata.org/entity/Q4916","euro",83878.99,"Point(14.0 48.0)","Q40"
"12","http://www.wikidata.org/entity/Q227","Azerbaijan","http://www.wikidata.org/entity/Q9248","Baku","AZ","AZE",31,"http://commons.wikimedia.org/wiki/Special:FilePath/Flag%20of%20Azerbaijan.svg","http://www.wikidata.org/entity/Q46","Europe","http://www.wikidata.org/entity/Q483725","Azerbaijani manat",86600,"Point(47.7 40.3)","Q227"
"13","http://www.wikidata.org/entity/Q227","Azerbaijan","http://www.wikidata.org/entity/Q9248","Baku","AZ","AZE",31,"http://commons.wikimedia.org/wiki/Special:FilePath/Flag%20of%20Azerbaijan.svg","http://www.wikidata.org/entity/Q48","Asia","http://www.wikidata.org/entity/Q483725","Azerbaijani manat",86600,"Point(47.7 40.3)","Q227"
"14","http://www.wikidata.org/entity/Q398","Bahrain","http://www.wikidata.org/entity/Q3882","Manama","BH","BHR",48,"http://commons.wikimedia.org/wiki/Special:FilePath/Flag%20of%20Bahrain.svg","http://www.wikidata.org/entity/Q48","Asia","http://www.wikidata.org/entity/Q201871","Bahraini dinar",765.004788,"Point(50.551111 26.0675)","Q398"
"15","http://www.wikidata.org/entity/Q902","Bangladesh","http://www.wikidata.org/entity/Q1354","Dhaka","BD","BGD",50,"http://commons.wikimedia.org/wiki/Special:FilePath/Flag%20of%20Bangladesh.svg","http://www.wikidata.org/entity/Q48","Asia","http://www.wikidata.org/entity/Q194453","Bangladeshi taka",147570,"Point(89.866667 24.016667)","Q902"
"16","http://www.wikidata.org/entity/Q244","Barbados","http://www.wikidata.org/entity/Q36168","Bridgetown","BB","BRB",52,"http://commons.wikimedia.org/wiki/Special:FilePath/Flag%20of%20Barbados.svg","http://www.wikidata.org/entity/Q49","North America","http://www.wikidata.org/entity/Q194351","Barbadian dollar",439,"Point(-59.5525 13.17)","Q244"
"17","http://www.wikidata.org/entity/Q184","Belarus","http://www.wikidata.org/entity/Q2280","Minsk","BY","BLR",112,"http://commons.wikimedia.org/wiki/Special:FilePath/Flag%20of%20Belarus.svg","http://www.wikidata.org/entity/Q46","Europe","http://www.wikidata.org/entity/Q160680","Belarusian ruble",207600.496983,"Point(28.046666666 53.528333333)","Q184"
"18","http://www.wikidata.org/entity/Q31","Belgium","http://www.wikidata.org/entity/Q239","City of Brussels","BE","BEL",56,"http://commons.wikimedia.org/wiki/Special:FilePath/Flag%20of%20Belgium%20%28civil%29.svg","http://www.wikidata.org/entity/Q46","Europe","http://www.wikidata.org/entity/Q4916","euro",30528,"Point(4.668055555 50.641111111)","Q31"
"19","http://www.wikidata.org/entity/Q242","Belize","http://www.wikidata.org/entity/Q3043","Belmopan","BZ","BLZ",84,"http://commons.wikimedia.org/wiki/Special:FilePath/Flag%20of%20Belize.svg","http://www.wikidata.org/entity/Q49","North America","http://www.wikidata.org/entity/Q275112","Belize dollar",22966,"Point(-88.7 17.066666666)","Q242"
"20","http://www.wikidata.org/entity/Q962","Benin","http://www.wikidata.org/entity/Q3799","Porto-Novo","BJ","BEN",204,"http://commons.wikimedia.org/wiki/Special:FilePath/Flag%20of%20Benin.svg","http://www.wikidata.org/entity/Q15","Africa","http://www.wikidata.org/entity/Q861690","West African CFA franc",114763,"Point(2.183333333 8.833333333)","Q962"
"21","http://www.wikidata.org/entity/Q917","Bhutan","http://www.wikidata.org/entity/Q9270","Thimphu","BT","BTN",64,"http://commons.wikimedia.org/wiki/Special:FilePath/Flag%20of%20Bhutan.svg","http://www.wikidata.org/entity/Q48","Asia","http://www.wikidata.org/entity/Q201799","ngultrum",38394,"Point(90.5 27.45)","Q917"
"22","http://www.wikidata.org/entity/Q750","Bolivia","http://www.wikidata.org/entity/Q1491","La Paz","BO","BOL",68,"http://commons.wikimedia.org/wiki/Special:FilePath/Flag%20of%20Bolivia%20%28state%29.svg","http://www.wikidata.org/entity/Q18","South America","http://www.wikidata.org/entity/Q200737","boliviano",1098581,"Point(-64.991228611 -17.056869611)","Q750"
"23","http://www.wikidata.org/entity/Q750","Bolivia","http://www.wikidata.org/entity/Q2907","Sucre","BO","BOL",68,"http://commons.wikimedia.org/wiki/Special:FilePath/Flag%20of%20Bolivia%20%28state%29.svg","http://www.wikidata.org/entity/Q18","South America","http://www.wikidata.org/entity/Q200737","boliviano",1098581,"Point(-64.991228611 -17.056869611)","Q750"
"24","http://www.wikidata.org/entity/Q225","Bosnia and Herzegovina","http://www.wikidata.org/entity/Q11194","Sarajevo","BA","BIH",70,"http://commons.wikimedia.org/wiki/Special:FilePath/Flag%20of%20Bosnia%20and%20Herzegovina.svg","http://www.wikidata.org/entity/Q46","Europe","http://www.wikidata.org/entity/Q179620","convertible mark",51197,"Point(18.0 44.0)","Q225"
"25","http://www.wikidata.org/entity/Q963","Botswana","http://www.wikidata.org/entity/Q3919","Gaborone","BW","BWA",72,"http://commons.wikimedia.org/wiki/Special:FilePath/Flag%20of%20Botswana.svg","http://www.wikidata.org/entity/Q15","Africa","http://www.wikidata.org/entity/Q186794","Botswana pula",581737,"Point(23.7 -22.2)","Q963"
"26","http://www.wikidata.org/entity/Q155","Brazil","http://www.wikidata.org/entity/Q2844","Brasília","BR","BRA",76,"http://commons.wikimedia.org/wiki/Special:FilePath/Flag%20of%20Brazil.svg","http://www.wikidata.org/entity/Q18","South America","http://www.wikidata.org/entity/Q173117","Brazilian real",8515767,"Point(-53.0 -14.0)","Q155"
"27","http://www.wikidata.org/entity/Q921","Brunei","http://www.wikidata.org/entity/Q9279","Bandar Seri Begawan","BN","BRN",96,"http://commons.wikimedia.org/wiki/Special:FilePath/Flag%20of%20Brunei.svg","http://www.wikidata.org/entity/Q48","Asia","http://www.wikidata.org/entity/Q206319","Brunei dollar",5765.313533,"Point(114.566667 4.4)","Q921"
"28","http://www.wikidata.org/entity/Q219","Bulgaria","http://www.wikidata.org/entity/Q472","Sofia","BG","BGR",100,"http://commons.wikimedia.org/wiki/Special:FilePath/Flag%20of%20Bulgaria.svg","http://www.wikidata.org/entity/Q46","Europe","http://www.wikidata.org/entity/Q172540","Bulgarian lev",110993.6,"Point(25.5 42.75)","Q219"
"29","http://www.wikidata.org/entity/Q965","Burkina Faso","http://www.wikidata.org/entity/Q3777","Ouagadougou","BF","BFA",854,"http://commons.wikimedia.org/wiki/Special:FilePath/Flag%20of%20Burkina%20Faso.svg","http://www.wikidata.org/entity/Q15","Africa","http://www.wikidata.org/entity/Q861690","West African CFA franc",274200,"Point(-2.066667 12.266667)","Q965"
"30","http://www.wikidata.org/entity/Q967","Burundi","http://www.wikidata.org/entity/Q167551","Gitega","BI","BDI",108,"http://commons.wikimedia.org/wiki/Special:FilePath/Flag%20of%20Burundi.svg","http://www.wikidata.org/entity/Q15","Africa","http://www.wikidata.org/entity/Q238007","Burundian franc",27834,"Point(29.816667 -3.666667)","Q967"
"31","http://www.wikidata.org/entity/Q424","Cambodia","http://www.wikidata.org/entity/Q1850","Phnom Penh","KH","KHM",116,"http://commons.wikimedia.org/wiki/Special:FilePath/Flag%20of%20Cambodia.svg","http://www.wikidata.org/entity/Q48","Asia","http://www.wikidata.org/entity/Q204737","riel",181035,"Point(105.0 12.6)","Q424"
"32","http://www.wikidata.org/entity/Q1009","Cameroon","http://www.wikidata.org/entity/Q3808","Yaoundé","CM","CMR",120,"http://commons.wikimedia.org/wiki/Special:FilePath/Flag%20of%20Cameroon.svg","http://www.wikidata.org/entity/Q15","Africa","http://www.wikidata.org/entity/Q847739","Central African CFA franc",475442,"Point(12.0 7.0)","Q1009"
"33","http://www.wikidata.org/entity/Q16","Canada","http://www.wikidata.org/entity/Q1930","Ottawa","CA","CAN",124,"http://commons.wikimedia.org/wiki/Special:FilePath/Flag%20of%20Canada%20%28Pantone%29.svg","http://www.wikidata.org/entity/Q49","North America","http://www.wikidata.org/entity/Q1104069","Canadian dollar",9984670,"Point(-109.0 56.0)","Q16"
"34","http://www.wikidata.org/entity/Q1011","Cape Verde","http://www.wikidata.org/entity/Q3751","Praia","CV","CPV",132,"http://commons.wikimedia.org/wiki/Special:FilePath/Flag%20of%20Cape%20Verde.svg","http://www.wikidata.org/entity/Q15","Africa","http://www.wikidata.org/entity/Q4591","Cape Verdean escudo",4033,"Point(-24.083333333 15.916666666)","Q1011"
"35","http://www.wikidata.org/entity/Q929","Central African Republic","http://www.wikidata.org/entity/Q3832","Bangui","CF","CAF",140,"http://commons.wikimedia.org/wiki/Special:FilePath/Flag%20of%20the%20Central%20African%20Republic.svg","http://www.wikidata.org/entity/Q15","Africa","http://www.wikidata.org/entity/Q847739","Central African CFA franc",622984,"Point(20.9 6.7)","Q929"
"36","http://www.wikidata.org/entity/Q657","Chad","http://www.wikidata.org/entity/Q3659","N'Djamena","TD","TCD",148,"http://commons.wikimedia.org/wiki/Special:FilePath/Flag%20of%20Chad.svg","http://www.wikidata.org/entity/Q15","Africa","http://www.wikidata.org/entity/Q847739","Central African CFA franc",1284000,"Point(19.4 15.466667)","Q657"
"37","http://www.wikidata.org/entity/Q298","Chile","http://www.wikidata.org/entity/Q2887","Santiago","CL","CHL",152,"http://commons.wikimedia.org/wiki/Special:FilePath/Flag%20of%20Chile.svg","http://www.wikidata.org/entity/Q18","South America","http://www.wikidata.org/entity/Q200050","Chilean peso",756102,"Point(-71.0 -33.0)","Q298"
"38","http://www.wikidata.org/entity/Q739","Colombia","http://www.wikidata.org/entity/Q2841","Bogota","CO","COL",170,"http://commons.wikimedia.org/wiki/Special:FilePath/Flag%20of%20Colombia.svg","http://www.wikidata.org/entity/Q18","South America","http://www.wikidata.org/entity/Q244819","Colombian peso",1141748,"Point(-74.0 4.0)","Q739"
"39","http://www.wikidata.org/entity/Q970","Comoros","http://www.wikidata.org/entity/Q3901","Moroni","KM","COM",174,"http://commons.wikimedia.org/wiki/Special:FilePath/Flag%20of%20the%20Comoros.svg","http://www.wikidata.org/entity/Q15","Africa","http://www.wikidata.org/entity/Q267264","Comorian franc",2034,"Point(44.233333 -12.183333)","Q970"
"40","http://www.wikidata.org/entity/Q800","Costa Rica","http://www.wikidata.org/entity/Q3070","San José","CR","CRI",188,"http://commons.wikimedia.org/wiki/Special:FilePath/Flag%20of%20Costa%20Rica%20%28state%29.svg","http://www.wikidata.org/entity/Q49","North America","http://www.wikidata.org/entity/Q242915","Costa Rican colón",51100,"Point(-84.0 10.0)","Q800"
"41","http://www.wikidata.org/entity/Q800","Costa Rica","http://www.wikidata.org/entity/Q3070","San José","CR","CRI",188,"http://commons.wikimedia.org/wiki/Special:FilePath/Flag%20of%20Costa%20Rica.svg","http://www.wikidata.org/entity/Q49","North America","http://www.wikidata.org/entity/Q242915","Costa Rican colón",51100,"Point(-84.0 10.0)","Q800"
"42","http://www.wikidata.org/entity/Q224","Croatia","http://www.wikidata.org/entity/Q1435","Zagreb","HR","HRV",191,"http://commons.wikimedia.org/wiki/Special:FilePath/Flag%20of%20Croatia.svg","http://www.wikidata.org/entity/Q46","Europe","http://www.wikidata.org/entity/Q26360","Croatian kuna",56594,"Point(15.466667 45.25)","Q224"
"43","http://www.wikidata.org/entity/Q241","Cuba","http://www.wikidata.org/entity/Q1563","Havana","CU","CUB",192,"http://commons.wikimedia.org/wiki/Special:FilePath/Flag%20of%20Cuba.svg","http://www.wikidata.org/entity/Q49","North America","http://www.wikidata.org/entity/Q201505","Cuban peso",109884,"Point(-79.5 22.0)","Q241"
"44","http://www.wikidata.org/entity/Q241","Cuba","http://www.wikidata.org/entity/Q1563","Havana","CU","CUB",192,"http://commons.wikimedia.org/wiki/Special:FilePath/Flag%20of%20Cuba.svg","http://www.wikidata.org/entity/Q49","North America","http://www.wikidata.org/entity/Q731350","convertible peso",109884,"Point(-79.5 22.0)","Q241"
"45","http://www.wikidata.org/entity/Q229","Cyprus","http://www.wikidata.org/entity/Q3856","Nicosia","CY","CYP",196,"http://commons.wikimedia.org/wiki/Special:FilePath/Flag%20of%20Cyprus.svg","http://www.wikidata.org/entity/Q46","Europe","http://www.wikidata.org/entity/Q4916","euro",9242.45,"Point(33.0 35.0)","Q229"
"46","http://www.wikidata.org/entity/Q229","Cyprus","http://www.wikidata.org/entity/Q3856","Nicosia","CY","CYP",196,"http://commons.wikimedia.org/wiki/Special:FilePath/Flag%20of%20Cyprus.svg","http://www.wikidata.org/entity/Q48","Asia","http://www.wikidata.org/entity/Q4916","euro",9242.45,"Point(33.0 35.0)","Q229"
"47","http://www.wikidata.org/entity/Q213","Czech Republic","http://www.wikidata.org/entity/Q1085","Prague","CZ","CZE",203,"http://commons.wikimedia.org/wiki/Special:FilePath/Flag%20of%20the%20Czech%20Republic.svg","http://www.wikidata.org/entity/Q46","Europe","http://www.wikidata.org/entity/Q131016","Czech koruna",78866,"Point(16.0 50.0)","Q213"
"48","http://www.wikidata.org/entity/Q756617","Danish Realm","http://www.wikidata.org/entity/Q1748","Copenhagen",NA,NA,NA,"http://commons.wikimedia.org/wiki/Special:FilePath/Flag%20of%20Denmark.svg","http://www.wikidata.org/entity/Q46","Europe","http://www.wikidata.org/entity/Q25417","Danish krone",2220930,"Point(-6.844444444 61.97)","Q756617"
"49","http://www.wikidata.org/entity/Q756617","Danish Realm","http://www.wikidata.org/entity/Q1748","Copenhagen",NA,NA,NA,"http://commons.wikimedia.org/wiki/Special:FilePath/Flag%20of%20Denmark%20%28state%29.svg","http://www.wikidata.org/entity/Q46","Europe","http://www.wikidata.org/entity/Q25417","Danish krone",2220930,"Point(-6.844444444 61.97)","Q756617"
"50","http://www.wikidata.org/entity/Q756617","Danish Realm","http://www.wikidata.org/entity/Q1748","Copenhagen",NA,NA,NA,"http://commons.wikimedia.org/wiki/Special:FilePath/Flag%20of%20Denmark.svg","http://www.wikidata.org/entity/Q49","North America","http://www.wikidata.org/entity/Q25417","Danish krone",2220930,"Point(-6.844444444 61.97)","Q756617"
"51","http://www.wikidata.org/entity/Q756617","Danish Realm","http://www.wikidata.org/entity/Q1748","Copenhagen",NA,NA,NA,"http://commons.wikimedia.org/wiki/Special:FilePath/Flag%20of%20Denmark%20%28state%29.svg","http://www.wikidata.org/entity/Q49","North America","http://www.wikidata.org/entity/Q25417","Danish krone",2220930,"Point(-6.844444444 61.97)","Q756617"
"52","http://www.wikidata.org/entity/Q756617","Danish Realm","http://www.wikidata.org/entity/Q1748","Copenhagen",NA,NA,NA,"http://commons.wikimedia.org/wiki/Special:FilePath/Flag%20of%20Denmark.svg","http://www.wikidata.org/entity/Q46","Europe","http://www.wikidata.org/entity/Q191068","Faroese króna",2220930,"Point(-6.844444444 61.97)","Q756617"
"53","http://www.wikidata.org/entity/Q756617","Danish Realm","http://www.wikidata.org/entity/Q1748","Copenhagen",NA,NA,NA,"http://commons.wikimedia.org/wiki/Special:FilePath/Flag%20of%20Denmark%20%28state%29.svg","http://www.wikidata.org/entity/Q46","Europe","http://www.wikidata.org/entity/Q191068","Faroese króna",2220930,"Point(-6.844444444 61.97)","Q756617"
"54","http://www.wikidata.org/entity/Q756617","Danish Realm","http://www.wikidata.org/entity/Q1748","Copenhagen",NA,NA,NA,"http://commons.wikimedia.org/wiki/Special:FilePath/Flag%20of%20Denmark.svg","http://www.wikidata.org/entity/Q49","North America","http://www.wikidata.org/entity/Q191068","Faroese króna",2220930,"Point(-6.844444444 61.97)","Q756617"
"55","http://www.wikidata.org/entity/Q756617","Danish Realm","http://www.wikidata.org/entity/Q1748","Copenhagen",NA,NA,NA,"http://commons.wikimedia.org/wiki/Special:FilePath/Flag%20of%20Denmark%20%28state%29.svg","http://www.wikidata.org/entity/Q49","North America","http://www.wikidata.org/entity/Q191068","Faroese króna",2220930,"Point(-6.844444444 61.97)","Q756617"
"56","http://www.wikidata.org/entity/Q756617","Danish Realm","http://www.wikidata.org/entity/Q1748","Copenhagen",NA,NA,NA,"http://commons.wikimedia.org/wiki/Special:FilePath/Flag%20of%20Denmark.svg","http://www.wikidata.org/entity/Q46","Europe","http://www.wikidata.org/entity/Q25417","Danish krone",2220930,"Point(-40.0 72.0)","Q756617"
"57","http://www.wikidata.org/entity/Q756617","Danish Realm","http://www.wikidata.org/entity/Q1748","Copenhagen",NA,NA,NA,"http://commons.wikimedia.org/wiki/Special:FilePath/Flag%20of%20Denmark%20%28state%29.svg","http://www.wikidata.org/entity/Q46","Europe","http://www.wikidata.org/entity/Q25417","Danish krone",2220930,"Point(-40.0 72.0)","Q756617"
"58","http://www.wikidata.org/entity/Q756617","Danish Realm","http://www.wikidata.org/entity/Q1748","Copenhagen",NA,NA,NA,"http://commons.wikimedia.org/wiki/Special:FilePath/Flag%20of%20Denmark.svg","http://www.wikidata.org/entity/Q49","North America","http://www.wikidata.org/entity/Q25417","Danish krone",2220930,"Point(-40.0 72.0)","Q756617"
"59","http://www.wikidata.org/entity/Q756617","Danish Realm","http://www.wikidata.org/entity/Q1748","Copenhagen",NA,NA,NA,"http://commons.wikimedia.org/wiki/Special:FilePath/Flag%20of%20Denmark%20%28state%29.svg","http://www.wikidata.org/entity/Q49","North America","http://www.wikidata.org/entity/Q25417","Danish krone",2220930,"Point(-40.0 72.0)","Q756617"
"60","http://www.wikidata.org/entity/Q756617","Danish Realm","http://www.wikidata.org/entity/Q1748","Copenhagen",NA,NA,NA,"http://commons.wikimedia.org/wiki/Special:FilePath/Flag%20of%20Denmark.svg","http://www.wikidata.org/entity/Q46","Europe","http://www.wikidata.org/entity/Q191068","Faroese króna",2220930,"Point(-40.0 72.0)","Q756617"
"61","http://www.wikidata.org/entity/Q756617","Danish Realm","http://www.wikidata.org/entity/Q1748","Copenhagen",NA,NA,NA,"http://commons.wikimedia.org/wiki/Special:FilePath/Flag%20of%20Denmark%20%28state%29.svg","http://www.wikidata.org/entity/Q46","Europe","http://www.wikidata.org/entity/Q191068","Faroese króna",2220930,"Point(-40.0 72.0)","Q756617"
"62","http://www.wikidata.org/entity/Q756617","Danish Realm","http://www.wikidata.org/entity/Q1748","Copenhagen",NA,NA,NA,"http://commons.wikimedia.org/wiki/Special:FilePath/Flag%20of%20Denmark.svg","http://www.wikidata.org/entity/Q49","North America","http://www.wikidata.org/entity/Q191068","Faroese króna",2220930,"Point(-40.0 72.0)","Q756617"
"63","http://www.wikidata.org/entity/Q756617","Danish Realm","http://www.wikidata.org/entity/Q1748","Copenhagen",NA,NA,NA,"http://commons.wikimedia.org/wiki/Special:FilePath/Flag%20of%20Denmark%20%28state%29.svg","http://www.wikidata.org/entity/Q49","North America","http://www.wikidata.org/entity/Q191068","Faroese króna",2220930,"Point(-40.0 72.0)","Q756617"
"64","http://www.wikidata.org/entity/Q756617","Danish Realm","http://www.wikidata.org/entity/Q1748","Copenhagen",NA,NA,NA,"http://commons.wikimedia.org/wiki/Special:FilePath/Flag%20of%20Denmark.svg","http://www.wikidata.org/entity/Q46","Europe","http://www.wikidata.org/entity/Q25417","Danish krone",2220930,"Point(10.0 56.0)","Q756617"
"65","http://www.wikidata.org/entity/Q756617","Danish Realm","http://www.wikidata.org/entity/Q1748","Copenhagen",NA,NA,NA,"http://commons.wikimedia.org/wiki/Special:FilePath/Flag%20of%20Denmark%20%28state%29.svg","http://www.wikidata.org/entity/Q46","Europe","http://www.wikidata.org/entity/Q25417","Danish krone",2220930,"Point(10.0 56.0)","Q756617"
"66","http://www.wikidata.org/entity/Q756617","Danish Realm","http://www.wikidata.org/entity/Q1748","Copenhagen",NA,NA,NA,"http://commons.wikimedia.org/wiki/Special:FilePath/Flag%20of%20Denmark.svg","http://www.wikidata.org/entity/Q49","North America","http://www.wikidata.org/entity/Q25417","Danish krone",2220930,"Point(10.0 56.0)","Q756617"
"67","http://www.wikidata.org/entity/Q756617","Danish Realm","http://www.wikidata.org/entity/Q1748","Copenhagen",NA,NA,NA,"http://commons.wikimedia.org/wiki/Special:FilePath/Flag%20of%20Denmark%20%28state%29.svg","http://www.wikidata.org/entity/Q49","North America","http://www.wikidata.org/entity/Q25417","Danish krone",2220930,"Point(10.0 56.0)","Q756617"
"68","http://www.wikidata.org/entity/Q756617","Danish Realm","http://www.wikidata.org/entity/Q1748","Copenhagen",NA,NA,NA,"http://commons.wikimedia.org/wiki/Special:FilePath/Flag%20of%20Denmark.svg","http://www.wikidata.org/entity/Q46","Europe","http://www.wikidata.org/entity/Q191068","Faroese króna",2220930,"Point(10.0 56.0)","Q756617"
"69","http://www.wikidata.org/entity/Q756617","Danish Realm","http://www.wikidata.org/entity/Q1748","Copenhagen",NA,NA,NA,"http://commons.wikimedia.org/wiki/Special:FilePath/Flag%20of%20Denmark%20%28state%29.svg","http://www.wikidata.org/entity/Q46","Europe","http://www.wikidata.org/entity/Q191068","Faroese króna",2220930,"Point(10.0 56.0)","Q756617"
"70","http://www.wikidata.org/entity/Q756617","Danish Realm","http://www.wikidata.org/entity/Q1748","Copenhagen",NA,NA,NA,"http://commons.wikimedia.org/wiki/Special:FilePath/Flag%20of%20Denmark.svg","http://www.wikidata.org/entity/Q49","North America","http://www.wikidata.org/entity/Q191068","Faroese króna",2220930,"Point(10.0 56.0)","Q756617"
"71","http://www.wikidata.org/entity/Q756617","Danish Realm","http://www.wikidata.org/entity/Q1748","Copenhagen",NA,NA,NA,"http://commons.wikimedia.org/wiki/Special:FilePath/Flag%20of%20Denmark%20%28state%29.svg","http://www.wikidata.org/entity/Q49","North America","http://www.wikidata.org/entity/Q191068","Faroese króna",2220930,"Point(10.0 56.0)","Q756617"
"72","http://www.wikidata.org/entity/Q974","Democratic Republic of the Congo","http://www.wikidata.org/entity/Q3838","Kinshasa","CD","COD",180,"http://commons.wikimedia.org/wiki/Special:FilePath/Flag%20of%20the%20Democratic%20Republic%20of%20the%20Congo.svg","http://www.wikidata.org/entity/Q15","Africa","http://www.wikidata.org/entity/Q4734","Congolese franc",2344858,"Point(23.656 -2.88)","Q974"
"73","http://www.wikidata.org/entity/Q35","Denmark","http://www.wikidata.org/entity/Q1748","Copenhagen","DK","DNK",208,"http://commons.wikimedia.org/wiki/Special:FilePath/Flag%20of%20Denmark.svg","http://www.wikidata.org/entity/Q46","Europe","http://www.wikidata.org/entity/Q25417","Danish krone",42925.46,"Point(10.0 56.0)","Q35"
"74","http://www.wikidata.org/entity/Q35","Denmark","http://www.wikidata.org/entity/Q1748","Copenhagen","DK","DNK",208,"http://commons.wikimedia.org/wiki/Special:FilePath/Flag%20of%20Denmark.svg","http://www.wikidata.org/entity/Q49","North America","http://www.wikidata.org/entity/Q25417","Danish krone",42925.46,"Point(10.0 56.0)","Q35"
"75","http://www.wikidata.org/entity/Q977","Djibouti","http://www.wikidata.org/entity/Q3604","Djibouti","DJ","DJI",262,"http://commons.wikimedia.org/wiki/Special:FilePath/Flag%20of%20Djibouti.svg","http://www.wikidata.org/entity/Q15","Africa","http://www.wikidata.org/entity/Q4594","Djiboutian franc",23200,"Point(42.433333 11.8)","Q977"
"76","http://www.wikidata.org/entity/Q784","Dominica","http://www.wikidata.org/entity/Q36281","Roseau","DM","DMA",212,"http://commons.wikimedia.org/wiki/Special:FilePath/Flag%20of%20Dominica.svg","http://www.wikidata.org/entity/Q49","North America","http://www.wikidata.org/entity/Q26365","Eastern Caribbean dollar",751.096551,"Point(-61.333333 15.416667)","Q784"
"77","http://www.wikidata.org/entity/Q786","Dominican Republic","http://www.wikidata.org/entity/Q34820","Santo Domingo","DO","DOM",214,"http://commons.wikimedia.org/wiki/Special:FilePath/Flag%20of%20the%20Dominican%20Republic.svg","http://www.wikidata.org/entity/Q49","North America","http://www.wikidata.org/entity/Q242922","Dominican peso",48670.82,"Point(-70.2 18.8)","Q786"
"78","http://www.wikidata.org/entity/Q574","East Timor","http://www.wikidata.org/entity/Q9310","Dili","TL","TLS",626,"http://commons.wikimedia.org/wiki/Special:FilePath/Flag%20of%20East%20Timor.svg","http://www.wikidata.org/entity/Q48","Asia","http://www.wikidata.org/entity/Q4917","United States dollar",14918.72,"Point(125.75 -8.966667)","Q574"
"79","http://www.wikidata.org/entity/Q574","East Timor","http://www.wikidata.org/entity/Q9310","Dili","TL","TLS",626,"http://commons.wikimedia.org/wiki/Special:FilePath/Flag%20of%20East%20Timor.svg","http://www.wikidata.org/entity/Q48","Asia","http://www.wikidata.org/entity/Q572213","East Timor centavo coins",14918.72,"Point(125.75 -8.966667)","Q574"
"80","http://www.wikidata.org/entity/Q736","Ecuador","http://www.wikidata.org/entity/Q2900","Quito","EC","ECU",218,"http://commons.wikimedia.org/wiki/Special:FilePath/Flag%20of%20Ecuador.svg","http://www.wikidata.org/entity/Q18","South America","http://www.wikidata.org/entity/Q4917","United States dollar",283560,"Point(-78.0 -1.0)","Q736"
"81","http://www.wikidata.org/entity/Q79","Egypt","http://www.wikidata.org/entity/Q85","Cairo","EG","EGY",818,"http://commons.wikimedia.org/wiki/Special:FilePath/Flag%20of%20Egypt.svg","http://www.wikidata.org/entity/Q15","Africa","http://www.wikidata.org/entity/Q199462","Egyptian pound",1010407.87,"Point(29.0 27.0)","Q79"
"82","http://www.wikidata.org/entity/Q79","Egypt","http://www.wikidata.org/entity/Q85","Cairo","EG","EGY",818,"http://commons.wikimedia.org/wiki/Special:FilePath/Flag%20of%20Egypt.svg","http://www.wikidata.org/entity/Q48","Asia","http://www.wikidata.org/entity/Q199462","Egyptian pound",1010407.87,"Point(29.0 27.0)","Q79"
"83","http://www.wikidata.org/entity/Q792","El Salvador","http://www.wikidata.org/entity/Q3110","San Salvador","SV","SLV",222,"http://commons.wikimedia.org/wiki/Special:FilePath/Flag%20of%20El%20Salvador.svg","http://www.wikidata.org/entity/Q49","North America","http://www.wikidata.org/entity/Q4917","United States dollar",20742,"Point(-88.866111 13.668889)","Q792"
"84","http://www.wikidata.org/entity/Q983","Equatorial Guinea","http://www.wikidata.org/entity/Q3818","Malabo","GQ","GNQ",226,"http://commons.wikimedia.org/wiki/Special:FilePath/Flag%20of%20Equatorial%20Guinea.svg","http://www.wikidata.org/entity/Q15","Africa","http://www.wikidata.org/entity/Q847739","Central African CFA franc",28051,"Point(10.0 1.5)","Q983"
"85","http://www.wikidata.org/entity/Q986","Eritrea","http://www.wikidata.org/entity/Q3642","Asmara","ER","ERI",232,"http://commons.wikimedia.org/wiki/Special:FilePath/Flag%20of%20Eritrea.svg","http://www.wikidata.org/entity/Q15","Africa","http://www.wikidata.org/entity/Q171503","nakfa",117600,"Point(38.25 15.483333)","Q986"
"86","http://www.wikidata.org/entity/Q191","Estonia","http://www.wikidata.org/entity/Q1770","Tallinn","EE","EST",233,"http://commons.wikimedia.org/wiki/Special:FilePath/Flag%20of%20Estonia.svg","http://www.wikidata.org/entity/Q46","Europe","http://www.wikidata.org/entity/Q4916","euro",45339,"Point(26.0 59.0)","Q191"
"87","http://www.wikidata.org/entity/Q1050","Eswatini","http://www.wikidata.org/entity/Q3904","Mbabane","SZ","SWZ",748,"http://commons.wikimedia.org/wiki/Special:FilePath/Flag%20of%20Eswatini.svg","http://www.wikidata.org/entity/Q15","Africa","http://www.wikidata.org/entity/Q4823","lilangeni",17364,"Point(31.433333 -26.483333)","Q1050"
"88","http://www.wikidata.org/entity/Q1050","Eswatini","http://www.wikidata.org/entity/Q101418","Lobamba","SZ","SWZ",748,"http://commons.wikimedia.org/wiki/Special:FilePath/Flag%20of%20Eswatini.svg","http://www.wikidata.org/entity/Q15","Africa","http://www.wikidata.org/entity/Q4823","lilangeni",17364,"Point(31.433333 -26.483333)","Q1050"
"89","http://www.wikidata.org/entity/Q115","Ethiopia","http://www.wikidata.org/entity/Q3624","Addis Ababa","ET","ETH",231,"http://commons.wikimedia.org/wiki/Special:FilePath/Flag%20of%20Ethiopia.svg","http://www.wikidata.org/entity/Q15","Africa","http://www.wikidata.org/entity/Q206243","birr",1104300,"Point(40.0 9.0)","Q115"
"90","http://www.wikidata.org/entity/Q702","Federated States of Micronesia","http://www.wikidata.org/entity/Q42751","Palikir","FM","FSM",583,"http://commons.wikimedia.org/wiki/Special:FilePath/Flag%20of%20the%20Federated%20States%20of%20Micronesia.svg","http://www.wikidata.org/entity/Q538","Oceania","http://www.wikidata.org/entity/Q4917","United States dollar",702,"Point(158.183333333 6.916666666)","Q702"
"91","http://www.wikidata.org/entity/Q712","Fiji","http://www.wikidata.org/entity/Q38807","Suva","FJ","FJI",242,"http://commons.wikimedia.org/wiki/Special:FilePath/Flag%20of%20Fiji.svg","http://www.wikidata.org/entity/Q538","Oceania","http://www.wikidata.org/entity/Q4592","Fijian dollar",18274,"Point(178.0 -18.0)","Q712"
"92","http://www.wikidata.org/entity/Q33","Finland","http://www.wikidata.org/entity/Q1757","Helsinki","FI","FIN",246,"http://commons.wikimedia.org/wiki/Special:FilePath/Flag%20of%20Finland.svg","http://www.wikidata.org/entity/Q46","Europe","http://www.wikidata.org/entity/Q4916","euro",338424.38,"Point(27.0 65.0)","Q33"
"93","http://www.wikidata.org/entity/Q142","France","http://www.wikidata.org/entity/Q90","Paris","FR","FRA",250,"http://commons.wikimedia.org/wiki/Special:FilePath/Flag%20of%20France.svg","http://www.wikidata.org/entity/Q46","Europe","http://www.wikidata.org/entity/Q4916","euro",643801,"Point(2.0 47.0)","Q142"
"94","http://www.wikidata.org/entity/Q1000","Gabon","http://www.wikidata.org/entity/Q3825","Libreville","GA","GAB",266,"http://commons.wikimedia.org/wiki/Special:FilePath/Flag%20of%20Gabon.svg","http://www.wikidata.org/entity/Q15","Africa","http://www.wikidata.org/entity/Q847739","Central African CFA franc",267667,"Point(11.5 -0.683330555)","Q1000"
"95","http://www.wikidata.org/entity/Q230","Georgia","http://www.wikidata.org/entity/Q994","Tbilisi","GE","GEO",268,"http://commons.wikimedia.org/wiki/Special:FilePath/Flag%20of%20Georgia.svg","http://www.wikidata.org/entity/Q46","Europe","http://www.wikidata.org/entity/Q4608","Georgian lari",69700,"Point(43.733330555 42.016669444)","Q230"
"96","http://www.wikidata.org/entity/Q230","Georgia","http://www.wikidata.org/entity/Q994","Tbilisi","GE","GEO",268,"http://commons.wikimedia.org/wiki/Special:FilePath/Flag%20of%20Georgia.svg","http://www.wikidata.org/entity/Q48","Asia","http://www.wikidata.org/entity/Q4608","Georgian lari",69700,"Point(43.733330555 42.016669444)","Q230"
"97","http://www.wikidata.org/entity/Q183","Germany","http://www.wikidata.org/entity/Q64","Berlin","DE","DEU",276,"http://commons.wikimedia.org/wiki/Special:FilePath/Flag%20of%20Germany.svg","http://www.wikidata.org/entity/Q46","Europe","http://www.wikidata.org/entity/Q4916","euro",357400,"Point(10.0 51.0)","Q183"
"98","http://www.wikidata.org/entity/Q117","Ghana","http://www.wikidata.org/entity/Q3761","Accra","GH","GHA",288,"http://commons.wikimedia.org/wiki/Special:FilePath/Flag%20of%20Ghana.svg","http://www.wikidata.org/entity/Q15","Africa","http://www.wikidata.org/entity/Q183530","Ghana cedi",238535,"Point(-0.5 8.0)","Q117"
"99","http://www.wikidata.org/entity/Q41","Greece","http://www.wikidata.org/entity/Q1524","Athens","GR","GRC",300,"http://commons.wikimedia.org/wiki/Special:FilePath/Flag%20of%20Greece.svg","http://www.wikidata.org/entity/Q46","Europe","http://www.wikidata.org/entity/Q4916","euro",131957,"Point(23.0 38.5)","Q41"
"100","http://www.wikidata.org/entity/Q769","Grenada","http://www.wikidata.org/entity/Q41547","St. George's","GD","GRD",308,"http://commons.wikimedia.org/wiki/Special:FilePath/Flag%20of%20Grenada.svg","http://www.wikidata.org/entity/Q49","North America","http://www.wikidata.org/entity/Q26365","Eastern Caribbean dollar",348.5,"Point(-61.666667 12.116667)","Q769"
"101","http://www.wikidata.org/entity/Q774","Guatemala","http://www.wikidata.org/entity/Q1555","Guatemala City","GT","GTM",320,"http://commons.wikimedia.org/wiki/Special:FilePath/Flag%20of%20Guatemala.svg","http://www.wikidata.org/entity/Q49","North America","http://www.wikidata.org/entity/Q207396","quetzal",108889,"Point(-90.25 15.5)","Q774"
"102","http://www.wikidata.org/entity/Q1006","Guinea","http://www.wikidata.org/entity/Q3733","Conakry","GN","GIN",324,"http://commons.wikimedia.org/wiki/Special:FilePath/Flag%20of%20Guinea.svg","http://www.wikidata.org/entity/Q15","Africa","http://www.wikidata.org/entity/Q213311","Guinean franc",245857,"Point(-11.0 10.0)","Q1006"
"103","http://www.wikidata.org/entity/Q1007","Guinea-Bissau","http://www.wikidata.org/entity/Q3739","Bissau","GW","GNB",624,"http://commons.wikimedia.org/wiki/Special:FilePath/Flag%20of%20Guinea-Bissau.svg","http://www.wikidata.org/entity/Q15","Africa","http://www.wikidata.org/entity/Q861690","West African CFA franc",36125,"Point(-15.0 12.0)","Q1007"
"104","http://www.wikidata.org/entity/Q734","Guyana","http://www.wikidata.org/entity/Q10717","Georgetown","GY","GUY",328,"http://commons.wikimedia.org/wiki/Special:FilePath/Flag%20of%20Guyana.svg","http://www.wikidata.org/entity/Q18","South America","http://www.wikidata.org/entity/Q213005","Guyanese dollar",214970,"Point(-59.316667 5.733333)","Q734"
"105","http://www.wikidata.org/entity/Q790","Haiti","http://www.wikidata.org/entity/Q34261","Port-au-Prince","HT","HTI",332,"http://commons.wikimedia.org/wiki/Special:FilePath/Flag%20of%20Haiti.svg","http://www.wikidata.org/entity/Q49","North America","http://www.wikidata.org/entity/Q203955","gourde",27750,"Point(-72.8 19.0)","Q790"
"106","http://www.wikidata.org/entity/Q783","Honduras","http://www.wikidata.org/entity/Q3238","Tegucigalpa","HN","HND",340,"http://commons.wikimedia.org/wiki/Special:FilePath/Flag%20of%20Honduras.svg","http://www.wikidata.org/entity/Q49","North America","http://www.wikidata.org/entity/Q4719","Honduran lempira",112492,"Point(-86.816667 14.633333)","Q783"
"107","http://www.wikidata.org/entity/Q28","Hungary","http://www.wikidata.org/entity/Q1781","Budapest","HU","HUN",348,"http://commons.wikimedia.org/wiki/Special:FilePath/Flag%20of%20Hungary.svg","http://www.wikidata.org/entity/Q46","Europe","http://www.wikidata.org/entity/Q47190","forint",93011.4,"Point(19.0 47.0)","Q28"
"108","http://www.wikidata.org/entity/Q189","Iceland","http://www.wikidata.org/entity/Q1764","Reykjavík","IS","ISL",352,"http://commons.wikimedia.org/wiki/Special:FilePath/Flag%20of%20Iceland.svg","http://www.wikidata.org/entity/Q46","Europe","http://www.wikidata.org/entity/Q131473","Icelandic króna",103004,"Point(-19.0 65.0)","Q189"
"109","http://www.wikidata.org/entity/Q668","India","http://www.wikidata.org/entity/Q987","New Delhi","IN","IND",356,"http://commons.wikimedia.org/wiki/Special:FilePath/Flag%20of%20India.svg","http://www.wikidata.org/entity/Q48","Asia","http://www.wikidata.org/entity/Q80524","Indian rupee",3287263,"Point(83.0 22.8)","Q668"
"110","http://www.wikidata.org/entity/Q252","Indonesia","http://www.wikidata.org/entity/Q3630","Jakarta","ID","IDN",360,"http://commons.wikimedia.org/wiki/Special:FilePath/Flag%20of%20Indonesia.svg","http://www.wikidata.org/entity/Q48","Asia","http://www.wikidata.org/entity/Q41588","rupiah",1904570,"Point(118.0 -2.0)","Q252"
"111","http://www.wikidata.org/entity/Q252","Indonesia","http://www.wikidata.org/entity/Q3630","Jakarta","ID","IDN",360,"http://commons.wikimedia.org/wiki/Special:FilePath/Flag%20of%20Indonesia.svg","http://www.wikidata.org/entity/Q538","Oceania","http://www.wikidata.org/entity/Q41588","rupiah",1904570,"Point(118.0 -2.0)","Q252"
"112","http://www.wikidata.org/entity/Q794","Iran","http://www.wikidata.org/entity/Q3616","Tehran","IR","IRN",364,"http://commons.wikimedia.org/wiki/Special:FilePath/Flag%20of%20Iran.svg","http://www.wikidata.org/entity/Q48","Asia","http://www.wikidata.org/entity/Q188608","Iranian rial",1648195,"Point(53.0 32.0)","Q794"
"113","http://www.wikidata.org/entity/Q796","Iraq","http://www.wikidata.org/entity/Q1530","Baghdad","IQ","IRQ",368,"http://commons.wikimedia.org/wiki/Special:FilePath/Flag%20of%20Iraq.svg","http://www.wikidata.org/entity/Q48","Asia","http://www.wikidata.org/entity/Q193094","Iraqi dinar",437072,"Point(43.0 33.0)","Q796"
"114","http://www.wikidata.org/entity/Q27","Ireland","http://www.wikidata.org/entity/Q1761","Dublin","IE","IRL",372,"http://commons.wikimedia.org/wiki/Special:FilePath/Flag%20of%20Ireland.svg","http://www.wikidata.org/entity/Q46","Europe","http://www.wikidata.org/entity/Q4916","euro",70273,"Point(-8.0 53.0)","Q27"
"115","http://www.wikidata.org/entity/Q801","Israel","http://www.wikidata.org/entity/Q1218","Jerusalem","IL","ISR",376,"http://commons.wikimedia.org/wiki/Special:FilePath/Flag%20of%20Israel.svg","http://www.wikidata.org/entity/Q48","Asia","http://www.wikidata.org/entity/Q131309","new shekel",20770,"Point(35.0 31.0)","Q801"
"116","http://www.wikidata.org/entity/Q38","Italy","http://www.wikidata.org/entity/Q220","Rome","IT","ITA",380,"http://commons.wikimedia.org/wiki/Special:FilePath/Flag%20of%20Italy.svg","http://www.wikidata.org/entity/Q46","Europe","http://www.wikidata.org/entity/Q4916","euro",301338,"Point(12.5 42.5)","Q38"
"117","http://www.wikidata.org/entity/Q1008","Ivory Coast","http://www.wikidata.org/entity/Q3768","Yamoussoukro","CI","CIV",384,"http://commons.wikimedia.org/wiki/Special:FilePath/Flag%20of%20C%C3%B4te%20d%27Ivoire.svg","http://www.wikidata.org/entity/Q15","Africa","http://www.wikidata.org/entity/Q861690","West African CFA franc",322463,"Point(-6.0 8.0)","Q1008"
"118","http://www.wikidata.org/entity/Q766","Jamaica","http://www.wikidata.org/entity/Q34692","Kingston","JM","JAM",388,"http://commons.wikimedia.org/wiki/Special:FilePath/Flag%20of%20Jamaica.svg","http://www.wikidata.org/entity/Q49","North America","http://www.wikidata.org/entity/Q209792","Jamaican dollar",10991.90954,"Point(-77.4 18.18)","Q766"
"119","http://www.wikidata.org/entity/Q17","Japan","http://www.wikidata.org/entity/Q1490","Tokyo","JP","JPN",392,"http://commons.wikimedia.org/wiki/Special:FilePath/Flag%20of%20Japan.svg","http://www.wikidata.org/entity/Q48","Asia","http://www.wikidata.org/entity/Q8146","Japanese yen",377972.28,"Point(136.0 35.0)","Q17"
"120","http://www.wikidata.org/entity/Q810","Jordan","http://www.wikidata.org/entity/Q3805","Amman","JO","JOR",400,"http://commons.wikimedia.org/wiki/Special:FilePath/Flag%20of%20Jordan.svg","http://www.wikidata.org/entity/Q48","Asia","http://www.wikidata.org/entity/Q203722","Jordanian dinar",89341,"Point(36.5 31.2)","Q810"
"121","http://www.wikidata.org/entity/Q232","Kazakhstan","http://www.wikidata.org/entity/Q1520","Nur-Sultan","KZ","KAZ",398,"http://commons.wikimedia.org/wiki/Special:FilePath/Flag%20of%20Kazakhstan.svg","http://www.wikidata.org/entity/Q46","Europe","http://www.wikidata.org/entity/Q173751","Kazakhstani tenge",2724900,"Point(68.0 48.0)","Q232"
"122","http://www.wikidata.org/entity/Q232","Kazakhstan","http://www.wikidata.org/entity/Q1520","Nur-Sultan","KZ","KAZ",398,"http://commons.wikimedia.org/wiki/Special:FilePath/Flag%20of%20Kazakhstan.svg","http://www.wikidata.org/entity/Q48","Asia","http://www.wikidata.org/entity/Q173751","Kazakhstani tenge",2724900,"Point(68.0 48.0)","Q232"
"123","http://www.wikidata.org/entity/Q114","Kenya","http://www.wikidata.org/entity/Q3870","Nairobi","KE","KEN",404,"http://commons.wikimedia.org/wiki/Special:FilePath/Flag%20of%20Kenya.svg","http://www.wikidata.org/entity/Q15","Africa","http://www.wikidata.org/entity/Q202882","Kenyan shilling",581309,"Point(38.0 0.1)","Q114"
"124","http://www.wikidata.org/entity/Q29999","Kingdom of the Netherlands","http://www.wikidata.org/entity/Q727","Amsterdam","NL","NLD",528,"http://commons.wikimedia.org/wiki/Special:FilePath/Flag%20of%20the%20Netherlands.svg","http://www.wikidata.org/entity/Q46","Europe","http://www.wikidata.org/entity/Q4916","euro",42201,"Point(4.883333333 52.366666666)","Q29999"
"125","http://www.wikidata.org/entity/Q29999","Kingdom of the Netherlands","http://www.wikidata.org/entity/Q727","Amsterdam","NL","NLD",528,"http://commons.wikimedia.org/wiki/Special:FilePath/Flag%20of%20the%20Netherlands.svg","http://www.wikidata.org/entity/Q49","North America","http://www.wikidata.org/entity/Q4916","euro",42201,"Point(4.883333333 52.366666666)","Q29999"
"126","http://www.wikidata.org/entity/Q710","Kiribati","http://www.wikidata.org/entity/Q131233","South Tarawa","KI","KIR",296,"http://commons.wikimedia.org/wiki/Special:FilePath/Flag%20of%20Kiribati.svg","http://www.wikidata.org/entity/Q538","Oceania","http://www.wikidata.org/entity/Q259502","Australian dollar",811,"Point(173.033333333 1.466666666)","Q710"
"127","http://www.wikidata.org/entity/Q710","Kiribati","http://www.wikidata.org/entity/Q131233","South Tarawa","KI","KIR",296,"http://commons.wikimedia.org/wiki/Special:FilePath/Flag%20of%20Kiribati.svg","http://www.wikidata.org/entity/Q538","Oceania","http://www.wikidata.org/entity/Q1049963","Kiribati dollar",811,"Point(173.033333333 1.466666666)","Q710"
"128","http://www.wikidata.org/entity/Q817","Kuwait","http://www.wikidata.org/entity/Q35178","Kuwait City","KW","KWT",414,"http://commons.wikimedia.org/wiki/Special:FilePath/Flag%20of%20Kuwait.svg","http://www.wikidata.org/entity/Q48","Asia","http://www.wikidata.org/entity/Q193098","Kuwaiti dinar",17818,"Point(47.6 29.166667)","Q817"
"129","http://www.wikidata.org/entity/Q813","Kyrgyzstan","http://www.wikidata.org/entity/Q9361","Bishkek","KG","KGZ",417,"http://commons.wikimedia.org/wiki/Special:FilePath/Flag%20of%20Kyrgyzstan.svg","http://www.wikidata.org/entity/Q48","Asia","http://www.wikidata.org/entity/Q35881","Kyrgyzstani som",199951,"Point(75.0 41.0)","Q813"
"130","http://www.wikidata.org/entity/Q819","Laos","http://www.wikidata.org/entity/Q9326","Vientiane","LA","LAO",418,"http://commons.wikimedia.org/wiki/Special:FilePath/Flag%20of%20Laos.svg","http://www.wikidata.org/entity/Q48","Asia","http://www.wikidata.org/entity/Q200055","Lao kip",236800,"Point(104.0 18.2)","Q819"
"131","http://www.wikidata.org/entity/Q211","Latvia","http://www.wikidata.org/entity/Q1773","Riga","LV","LVA",428,"http://commons.wikimedia.org/wiki/Special:FilePath/Flag%20of%20Latvia.svg","http://www.wikidata.org/entity/Q46","Europe","http://www.wikidata.org/entity/Q4916","euro",64589,"Point(25.0 57.0)","Q211"
"132","http://www.wikidata.org/entity/Q822","Lebanon","http://www.wikidata.org/entity/Q3820","Beirut","LB","LBN",422,"http://commons.wikimedia.org/wiki/Special:FilePath/Flag%20of%20Lebanon.svg","http://www.wikidata.org/entity/Q48","Asia","http://www.wikidata.org/entity/Q201880","Lebanese pound",10452,"Point(35.766667 33.833333)","Q822"
"133","http://www.wikidata.org/entity/Q1013","Lesotho","http://www.wikidata.org/entity/Q3909","Maseru","LS","LSO",426,"http://commons.wikimedia.org/wiki/Special:FilePath/Flag%20of%20Lesotho.svg","http://www.wikidata.org/entity/Q15","Africa","http://www.wikidata.org/entity/Q181907","South African rand",30355,"Point(28.25 -29.55)","Q1013"
"134","http://www.wikidata.org/entity/Q1013","Lesotho","http://www.wikidata.org/entity/Q3909","Maseru","LS","LSO",426,"http://commons.wikimedia.org/wiki/Special:FilePath/Flag%20of%20Lesotho.svg","http://www.wikidata.org/entity/Q15","Africa","http://www.wikidata.org/entity/Q208039","Lesotho loti",30355,"Point(28.25 -29.55)","Q1013"
"135","http://www.wikidata.org/entity/Q1014","Liberia","http://www.wikidata.org/entity/Q3748","Monrovia","LR","LBR",430,"http://commons.wikimedia.org/wiki/Special:FilePath/Flag%20of%20Liberia.svg","http://www.wikidata.org/entity/Q15","Africa","http://www.wikidata.org/entity/Q4917","United States dollar",111369,"Point(-9.75 6.533333)","Q1014"
"136","http://www.wikidata.org/entity/Q1014","Liberia","http://www.wikidata.org/entity/Q3748","Monrovia","LR","LBR",430,"http://commons.wikimedia.org/wiki/Special:FilePath/Flag%20of%20Liberia.svg","http://www.wikidata.org/entity/Q15","Africa","http://www.wikidata.org/entity/Q242988","Liberian dollar",111369,"Point(-9.75 6.533333)","Q1014"
"137","http://www.wikidata.org/entity/Q1016","Libya","http://www.wikidata.org/entity/Q3579","Tripoli","LY","LBY",434,"http://commons.wikimedia.org/wiki/Special:FilePath/Flag%20of%20Libya.svg","http://www.wikidata.org/entity/Q15","Africa","http://www.wikidata.org/entity/Q190699","Libyan dinar",1759541,"Point(17.0 27.0)","Q1016"
"138","http://www.wikidata.org/entity/Q347","Liechtenstein","http://www.wikidata.org/entity/Q1844","Vaduz","LI","LIE",438,"http://commons.wikimedia.org/wiki/Special:FilePath/Flag%20of%20Liechtenstein.svg","http://www.wikidata.org/entity/Q46","Europe","http://www.wikidata.org/entity/Q25344","Swiss franc",160,"Point(9.553889 47.145)","Q347"
"139","http://www.wikidata.org/entity/Q37","Lithuania","http://www.wikidata.org/entity/Q216","Vilnius","LT","LTU",440,"http://commons.wikimedia.org/wiki/Special:FilePath/Flag%20of%20Lithuania.svg","http://www.wikidata.org/entity/Q46","Europe","http://www.wikidata.org/entity/Q4916","euro",65300,"Point(24.0 55.2)","Q37"
"140","http://www.wikidata.org/entity/Q32","Luxembourg","http://www.wikidata.org/entity/Q1842","Luxembourg","LU","LUX",442,"http://commons.wikimedia.org/wiki/Special:FilePath/Flag%20of%20Luxembourg.svg","http://www.wikidata.org/entity/Q46","Europe","http://www.wikidata.org/entity/Q4916","euro",2586.4,"Point(6.13 49.77)","Q32"
"141","http://www.wikidata.org/entity/Q1019","Madagascar","http://www.wikidata.org/entity/Q3915","Antananarivo","MG","MDG",450,"http://commons.wikimedia.org/wiki/Special:FilePath/Flag%20of%20Madagascar.svg","http://www.wikidata.org/entity/Q15","Africa","http://www.wikidata.org/entity/Q4584","ariary",587295,"Point(47.0 -20.0)","Q1019"
"142","http://www.wikidata.org/entity/Q1020","Malawi","http://www.wikidata.org/entity/Q3876","Lilongwe","MW","MWI",454,"http://commons.wikimedia.org/wiki/Special:FilePath/Flag%20of%20Malawi.svg","http://www.wikidata.org/entity/Q15","Africa","http://www.wikidata.org/entity/Q211694","Malawian kwacha",118484.186083,"Point(34.0 -13.0)","Q1020"
"143","http://www.wikidata.org/entity/Q833","Malaysia","http://www.wikidata.org/entity/Q1865","Kuala Lumpur","MY","MYS",458,"http://commons.wikimedia.org/wiki/Special:FilePath/Flag%20of%20Malaysia.svg","http://www.wikidata.org/entity/Q48","Asia","http://www.wikidata.org/entity/Q163712","Malaysian ringgit",330290,"Point(108.0 3.0)","Q833"
"144","http://www.wikidata.org/entity/Q826","Maldives","http://www.wikidata.org/entity/Q9347","Malé","MV","MDV",462,"http://commons.wikimedia.org/wiki/Special:FilePath/Flag%20of%20Maldives.svg","http://www.wikidata.org/entity/Q48","Asia","http://www.wikidata.org/entity/Q206600","Maldivian rufiyaa",298,"Point(73.51 4.18)","Q826"
"145","http://www.wikidata.org/entity/Q912","Mali","http://www.wikidata.org/entity/Q3703","Bamako","ML","MLI",466,"http://commons.wikimedia.org/wiki/Special:FilePath/Flag%20of%20Mali.svg","http://www.wikidata.org/entity/Q15","Africa","http://www.wikidata.org/entity/Q861690","West African CFA franc",1240192,"Point(-4.0 17.0)","Q912"
"146","http://www.wikidata.org/entity/Q233","Malta","http://www.wikidata.org/entity/Q23800","Valletta","MT","MLT",470,"http://commons.wikimedia.org/wiki/Special:FilePath/Flag%20of%20Malta.svg","http://www.wikidata.org/entity/Q46","Europe","http://www.wikidata.org/entity/Q4916","euro",316,"Point(14.5 35.883333333)","Q233"
"147","http://www.wikidata.org/entity/Q709","Marshall Islands","http://www.wikidata.org/entity/Q12919","Majuro","MH","MHL",584,"http://commons.wikimedia.org/wiki/Special:FilePath/Flag%20of%20the%20Marshall%20Islands.svg","http://www.wikidata.org/entity/Q538","Oceania","http://www.wikidata.org/entity/Q4917","United States dollar",181.43,"Point(171.066666666 7.116666666)","Q709"
"148","http://www.wikidata.org/entity/Q709","Marshall Islands","http://www.wikidata.org/entity/Q12919","Majuro","MH","MHL",584,"http://commons.wikimedia.org/wiki/Special:FilePath/Flag%20of%20the%20Marshall%20Islands.svg","http://www.wikidata.org/entity/Q538","Oceania","http://www.wikidata.org/entity/Q96051466","SOV",181.43,"Point(171.066666666 7.116666666)","Q709"
"149","http://www.wikidata.org/entity/Q1025","Mauritania","http://www.wikidata.org/entity/Q3688","Nouakchott","MR","MRT",478,"http://commons.wikimedia.org/wiki/Special:FilePath/Flag%20of%20Mauritania.svg","http://www.wikidata.org/entity/Q15","Africa","http://www.wikidata.org/entity/Q207024","Mauritanian ouguiya",1030700,"Point(-11.0 21.0)","Q1025"
"150","http://www.wikidata.org/entity/Q1027","Mauritius","http://www.wikidata.org/entity/Q3929","Port Louis","MU","MUS",480,"http://commons.wikimedia.org/wiki/Special:FilePath/Flag%20of%20Mauritius.svg","http://www.wikidata.org/entity/Q15","Africa","http://www.wikidata.org/entity/Q212967","Mauritian rupee",2040,"Point(57.5 -20.2)","Q1027"
"151","http://www.wikidata.org/entity/Q96","Mexico","http://www.wikidata.org/entity/Q1489","Mexico City","MX","MEX",484,"http://commons.wikimedia.org/wiki/Special:FilePath/Flag%20of%20Mexico.svg","http://www.wikidata.org/entity/Q49","North America","http://www.wikidata.org/entity/Q4730","Mexican peso",1972550,"Point(-102.0 23.0)","Q96"
"152","http://www.wikidata.org/entity/Q217","Moldova","http://www.wikidata.org/entity/Q21197","Chi<U+0219>inau","MD","MDA",498,"http://commons.wikimedia.org/wiki/Special:FilePath/Flag%20of%20Moldova.svg","http://www.wikidata.org/entity/Q46","Europe","http://www.wikidata.org/entity/Q181129","Moldovan leu",33846,"Point(28.516667 47.25)","Q217"
"153","http://www.wikidata.org/entity/Q235","Monaco","http://www.wikidata.org/entity/Q55115","City of Monaco","MC","MCO",492,"http://commons.wikimedia.org/wiki/Special:FilePath/Flag%20of%20Monaco.svg","http://www.wikidata.org/entity/Q46","Europe","http://www.wikidata.org/entity/Q4916","euro",2.02,"Point(7.416666666 43.733333333)","Q235"
"154","http://www.wikidata.org/entity/Q711","Mongolia","http://www.wikidata.org/entity/Q23430","Ulaanbaatar","MN","MNG",496,"http://commons.wikimedia.org/wiki/Special:FilePath/Flag%20of%20Mongolia.svg","http://www.wikidata.org/entity/Q48","Asia","http://www.wikidata.org/entity/Q183435","tugrik",1566000,"Point(104.0 47.0)","Q711"
"155","http://www.wikidata.org/entity/Q236","Montenegro","http://www.wikidata.org/entity/Q23564","Podgorica","ME","MNE",499,"http://commons.wikimedia.org/wiki/Special:FilePath/Flag%20of%20Montenegro.svg","http://www.wikidata.org/entity/Q46","Europe","http://www.wikidata.org/entity/Q4916","euro",13812,"Point(19.216667 42.766667)","Q236"
"156","http://www.wikidata.org/entity/Q1028","Morocco","http://www.wikidata.org/entity/Q3551","Rabat","MA","MAR",504,"http://commons.wikimedia.org/wiki/Special:FilePath/Flag%20of%20Morocco.svg","http://www.wikidata.org/entity/Q15","Africa","http://www.wikidata.org/entity/Q200192","Moroccan dirham",710850,"Point(-6.0 32.0)","Q1028"
"157","http://www.wikidata.org/entity/Q1029","Mozambique","http://www.wikidata.org/entity/Q3889","Maputo","MZ","MOZ",508,"http://commons.wikimedia.org/wiki/Special:FilePath/Flag%20of%20Mozambique.svg","http://www.wikidata.org/entity/Q15","Africa","http://www.wikidata.org/entity/Q200753","Mozambican metical",801590,"Point(35.0 -19.0)","Q1029"
"158","http://www.wikidata.org/entity/Q836","Myanmar","http://www.wikidata.org/entity/Q37400","Naypyidaw","MM","MMR",104,"http://commons.wikimedia.org/wiki/Special:FilePath/Flag%20of%20Myanmar.svg","http://www.wikidata.org/entity/Q48","Asia","http://www.wikidata.org/entity/Q201875","kyat",676577.2,"Point(96.0 22.0)","Q836"
"159","http://www.wikidata.org/entity/Q1030","Namibia","http://www.wikidata.org/entity/Q3935","Windhoek",NA,"NAM",516,"http://commons.wikimedia.org/wiki/Special:FilePath/Flag%20of%20Namibia.svg","http://www.wikidata.org/entity/Q15","Africa","http://www.wikidata.org/entity/Q202462","Namibian dollar",825615,"Point(17.0 -23.0)","Q1030"
"160","http://www.wikidata.org/entity/Q697","Nauru","http://www.wikidata.org/entity/Q31026","Yaren District","NR","NRU",520,"http://commons.wikimedia.org/wiki/Special:FilePath/Flag%20of%20Nauru.svg","http://www.wikidata.org/entity/Q538","Oceania","http://www.wikidata.org/entity/Q259502","Australian dollar",21,"Point(166.933333333 -0.533333333)","Q697"
"161","http://www.wikidata.org/entity/Q837","Nepal","http://www.wikidata.org/entity/Q3037","Kathmandu","NP","NPL",524,"http://commons.wikimedia.org/wiki/Special:FilePath/Flag%20of%20Nepal.svg","http://www.wikidata.org/entity/Q48","Asia","http://www.wikidata.org/entity/Q202895","Nepalese rupee",147181.254346,"Point(84.0 28.0)","Q837"
"162","http://www.wikidata.org/entity/Q664","New Zealand","http://www.wikidata.org/entity/Q23661","Wellington","NZ","NZL",554,"http://commons.wikimedia.org/wiki/Special:FilePath/Flag%20of%20New%20Zealand.svg","http://www.wikidata.org/entity/Q538","Oceania","http://www.wikidata.org/entity/Q1472704","New Zealand dollar",268021,"Point(174.0 -41.2)","Q664"
"163","http://www.wikidata.org/entity/Q811","Nicaragua","http://www.wikidata.org/entity/Q3274","Managua","NI","NIC",558,"http://commons.wikimedia.org/wiki/Special:FilePath/Flag%20of%20Nicaragua.svg","http://www.wikidata.org/entity/Q49","North America","http://www.wikidata.org/entity/Q207312","Nicaraguan córdoba",130375,"Point(-85.0 13.0)","Q811"
"164","http://www.wikidata.org/entity/Q1032","Niger","http://www.wikidata.org/entity/Q3674","Niamey","NE","NER",562,"http://commons.wikimedia.org/wiki/Special:FilePath/Flag%20of%20Niger.svg","http://www.wikidata.org/entity/Q15","Africa","http://www.wikidata.org/entity/Q861690","West African CFA franc",1267000,"Point(10.0 17.0)","Q1032"
"165","http://www.wikidata.org/entity/Q1033","Nigeria","http://www.wikidata.org/entity/Q3787","Abuja","NG","NGA",566,"http://commons.wikimedia.org/wiki/Special:FilePath/Flag%20of%20Nigeria.svg","http://www.wikidata.org/entity/Q15","Africa","http://www.wikidata.org/entity/Q203567","Nigerian naira",923768,"Point(8.0 9.0)","Q1033"
"166","http://www.wikidata.org/entity/Q423","North Korea","http://www.wikidata.org/entity/Q18808","Pyongyang","KP","PRK",408,"http://commons.wikimedia.org/wiki/Special:FilePath/Flag%20of%20North%20Korea.svg","http://www.wikidata.org/entity/Q48","Asia","http://www.wikidata.org/entity/Q106720","North Korean won",120540,"Point(127.0 40.0)","Q423"
"167","http://www.wikidata.org/entity/Q221","North Macedonia","http://www.wikidata.org/entity/Q384","Skopje","MK","MKD",807,"http://commons.wikimedia.org/wiki/Special:FilePath/Flag%20of%20North%20Macedonia.svg","http://www.wikidata.org/entity/Q46","Europe","http://www.wikidata.org/entity/Q177875","denar",25713,"Point(21.716667 41.65)","Q221"
"168","http://www.wikidata.org/entity/Q20","Norway","http://www.wikidata.org/entity/Q585","Oslo","NO","NOR",578,"http://commons.wikimedia.org/wiki/Special:FilePath/Flag%20of%20Norway.svg","http://www.wikidata.org/entity/Q46","Europe","http://www.wikidata.org/entity/Q132643","Norwegian krone",385207,"Point(11.0 65.0)","Q20"
"169","http://www.wikidata.org/entity/Q842","Oman","http://www.wikidata.org/entity/Q3826","Muscat","OM","OMN",512,"http://commons.wikimedia.org/wiki/Special:FilePath/Flag%20of%20Oman.svg","http://www.wikidata.org/entity/Q48","Asia","http://www.wikidata.org/entity/Q272290","Omani rial",309500,"Point(57.0 21.0)","Q842"
"170","http://www.wikidata.org/entity/Q843","Pakistan","http://www.wikidata.org/entity/Q1362","Islamabad","PK","PAK",586,"http://commons.wikimedia.org/wiki/Special:FilePath/Flag%20of%20Pakistan.svg","http://www.wikidata.org/entity/Q48","Asia","http://www.wikidata.org/entity/Q188289","Pakistani rupee",881913,"Point(71.0 30.0)","Q843"
"171","http://www.wikidata.org/entity/Q695","Palau","http://www.wikidata.org/entity/Q515229","Ngerulmud","PW","PLW",585,"http://commons.wikimedia.org/wiki/Special:FilePath/Flag%20of%20Palau.svg","http://www.wikidata.org/entity/Q538","Oceania","http://www.wikidata.org/entity/Q4917","United States dollar",465.550362,"Point(134.55 7.466667)","Q695"
"172","http://www.wikidata.org/entity/Q804","Panama","http://www.wikidata.org/entity/Q3306","Panama City","PA","PAN",591,"http://commons.wikimedia.org/wiki/Special:FilePath/Flag%20of%20Panama.svg","http://www.wikidata.org/entity/Q18","South America","http://www.wikidata.org/entity/Q4917","United States dollar",74177.3,"Point(-80.366667 8.616667)","Q804"
"173","http://www.wikidata.org/entity/Q804","Panama","http://www.wikidata.org/entity/Q3306","Panama City","PA","PAN",591,"http://commons.wikimedia.org/wiki/Special:FilePath/Flag%20of%20Panama.svg","http://www.wikidata.org/entity/Q49","North America","http://www.wikidata.org/entity/Q4917","United States dollar",74177.3,"Point(-80.366667 8.616667)","Q804"
"174","http://www.wikidata.org/entity/Q804","Panama","http://www.wikidata.org/entity/Q3306","Panama City","PA","PAN",591,"http://commons.wikimedia.org/wiki/Special:FilePath/Flag%20of%20Panama.svg","http://www.wikidata.org/entity/Q18","South America","http://www.wikidata.org/entity/Q210472","Panamanian balboa",74177.3,"Point(-80.366667 8.616667)","Q804"
"175","http://www.wikidata.org/entity/Q804","Panama","http://www.wikidata.org/entity/Q3306","Panama City","PA","PAN",591,"http://commons.wikimedia.org/wiki/Special:FilePath/Flag%20of%20Panama.svg","http://www.wikidata.org/entity/Q49","North America","http://www.wikidata.org/entity/Q210472","Panamanian balboa",74177.3,"Point(-80.366667 8.616667)","Q804"
"176","http://www.wikidata.org/entity/Q691","Papua New Guinea","http://www.wikidata.org/entity/Q36526","Port Moresby","PG","PNG",598,"http://commons.wikimedia.org/wiki/Special:FilePath/Flag%20of%20Papua%20New%20Guinea.svg","http://www.wikidata.org/entity/Q538","Oceania","http://www.wikidata.org/entity/Q200759","kina",462840,"Point(147.0 -6.3)","Q691"
"177","http://www.wikidata.org/entity/Q733","Paraguay","http://www.wikidata.org/entity/Q2933","Asunción","PY","PRY",600,"http://commons.wikimedia.org/wiki/Special:FilePath/Flag%20of%20Paraguay%20%28reverse%29.svg","http://www.wikidata.org/entity/Q18","South America","http://www.wikidata.org/entity/Q207514","Paraguayan guaraní",406756,"Point(-58.0 -23.5)","Q733"
"178","http://www.wikidata.org/entity/Q148","People's Republic of China","http://www.wikidata.org/entity/Q956","Beijing","CN","CHN",156,"http://commons.wikimedia.org/wiki/Special:FilePath/Flag%20of%20the%20People%27s%20Republic%20of%20China.svg","http://www.wikidata.org/entity/Q48","Asia","http://www.wikidata.org/entity/Q39099","renminbi",9596961,"Point(103.451944444 35.844722222)","Q148"
"179","http://www.wikidata.org/entity/Q419","Peru","http://www.wikidata.org/entity/Q2868","Lima","PE","PER",604,"http://commons.wikimedia.org/wiki/Special:FilePath/Flag%20of%20Peru.svg","http://www.wikidata.org/entity/Q18","South America","http://www.wikidata.org/entity/Q204656","Peruvian sol",1285216,"Point(-76.0 -9.4)","Q419"
"180","http://www.wikidata.org/entity/Q928","Philippines","http://www.wikidata.org/entity/Q1461","Manila","PH","PHL",608,"http://commons.wikimedia.org/wiki/Special:FilePath/Flag%20of%20the%20Philippines.svg","http://www.wikidata.org/entity/Q48","Asia","http://www.wikidata.org/entity/Q17193","Philippine peso",343448,"Point(123.0 12.0)","Q928"
"181","http://www.wikidata.org/entity/Q36","Poland","http://www.wikidata.org/entity/Q270","Warsaw","PL","POL",616,"http://commons.wikimedia.org/wiki/Special:FilePath/Flag%20of%20Poland.svg","http://www.wikidata.org/entity/Q46","Europe","http://www.wikidata.org/entity/Q123213","zloty",312683,"Point(19.0 52.0)","Q36"
"182","http://www.wikidata.org/entity/Q45","Portugal","http://www.wikidata.org/entity/Q597","Lisbon","PT","PRT",620,"http://commons.wikimedia.org/wiki/Special:FilePath/Flag%20of%20Portugal.svg","http://www.wikidata.org/entity/Q46","Europe","http://www.wikidata.org/entity/Q4916","euro",92212,"Point(-9.183333333 38.7)","Q45"
"183","http://www.wikidata.org/entity/Q846","Qatar","http://www.wikidata.org/entity/Q3861","Doha","QA","QAT",634,"http://commons.wikimedia.org/wiki/Special:FilePath/Flag%20of%20Qatar.svg","http://www.wikidata.org/entity/Q48","Asia","http://www.wikidata.org/entity/Q206386","Qatari riyal",11437,"Point(51.212767 25.269535)","Q846"
"184","http://www.wikidata.org/entity/Q971","Republic of the Congo","http://www.wikidata.org/entity/Q3844","Brazzaville","CG","COG",178,"http://commons.wikimedia.org/wiki/Special:FilePath/Flag%20of%20the%20Republic%20of%20the%20Congo.svg","http://www.wikidata.org/entity/Q15","Africa","http://www.wikidata.org/entity/Q847739","Central African CFA franc",342000,"Point(15.383330555 -0.75)","Q971"
"185","http://www.wikidata.org/entity/Q218","Romania","http://www.wikidata.org/entity/Q19660","Bucharest","RO","ROU",642,"http://commons.wikimedia.org/wiki/Special:FilePath/Flag%20of%20Romania.svg","http://www.wikidata.org/entity/Q46","Europe","http://www.wikidata.org/entity/Q131645","Romanian leu",238397,"Point(25.0 46.0)","Q218"
"186","http://www.wikidata.org/entity/Q159","Russia","http://www.wikidata.org/entity/Q649","Moscow","RU","RUS",643,"http://commons.wikimedia.org/wiki/Special:FilePath/Flag%20of%20Russia.svg","http://www.wikidata.org/entity/Q46","Europe","http://www.wikidata.org/entity/Q41044","Russian ruble",17125191,"Point(94.25 66.416666666)","Q159"
"187","http://www.wikidata.org/entity/Q159","Russia","http://www.wikidata.org/entity/Q649","Moscow","RU","RUS",643,"http://commons.wikimedia.org/wiki/Special:FilePath/Flag%20of%20Russia.svg","http://www.wikidata.org/entity/Q48","Asia","http://www.wikidata.org/entity/Q41044","Russian ruble",17125191,"Point(94.25 66.416666666)","Q159"
"188","http://www.wikidata.org/entity/Q1037","Rwanda","http://www.wikidata.org/entity/Q3859","Kigali","RW","RWA",646,"http://commons.wikimedia.org/wiki/Special:FilePath/Flag%20of%20Rwanda.svg","http://www.wikidata.org/entity/Q15","Africa","http://www.wikidata.org/entity/Q4741","Rwandan franc",26338,"Point(29.873888888 -1.940277777)","Q1037"
"189","http://www.wikidata.org/entity/Q763","Saint Kitts and Nevis","http://www.wikidata.org/entity/Q41295","Basseterre","KN","KNA",659,"http://commons.wikimedia.org/wiki/Special:FilePath/Flag%20of%20Saint%20Kitts%20and%20Nevis.svg","http://www.wikidata.org/entity/Q49","North America","http://www.wikidata.org/entity/Q26365","Eastern Caribbean dollar",269.358763,"Point(-62.666667 17.33)","Q763"
"190","http://www.wikidata.org/entity/Q760","Saint Lucia","http://www.wikidata.org/entity/Q41699","Castries","LC","LCA",662,"http://commons.wikimedia.org/wiki/Special:FilePath/Flag%20of%20Saint%20Lucia.svg","http://www.wikidata.org/entity/Q49","North America","http://www.wikidata.org/entity/Q26365","Eastern Caribbean dollar",617.012867,"Point(-61.0 13.883333)","Q760"
"191","http://www.wikidata.org/entity/Q757","Saint Vincent and the Grenadines","http://www.wikidata.org/entity/Q41474","Kingstown","VC","VCT",670,"http://commons.wikimedia.org/wiki/Special:FilePath/Flag%20of%20Saint%20Vincent%20and%20the%20Grenadines.svg","http://www.wikidata.org/entity/Q49","North America","http://www.wikidata.org/entity/Q26365","Eastern Caribbean dollar",389,"Point(-61.233333333 13.166666666)","Q757"
"192","http://www.wikidata.org/entity/Q683","Samoa","http://www.wikidata.org/entity/Q36260","Apia","WS","WSM",882,"http://commons.wikimedia.org/wiki/Special:FilePath/Flag%20of%20Samoa.svg","http://www.wikidata.org/entity/Q538","Oceania","http://www.wikidata.org/entity/Q4588","Samoan tala",2842,"Point(-172.0 -14.0)","Q683"
"193","http://www.wikidata.org/entity/Q238","San Marino","http://www.wikidata.org/entity/Q1848","San Marino","SM","SMR",674,"http://commons.wikimedia.org/wiki/Special:FilePath/Flag%20of%20San%20Marino.svg","http://www.wikidata.org/entity/Q46","Europe","http://www.wikidata.org/entity/Q4916","euro",61.2,"Point(12.466666666 43.933333333)","Q238"
"194","http://www.wikidata.org/entity/Q851","Saudi Arabia","http://www.wikidata.org/entity/Q3692","Riyadh","SA","SAU",682,"http://commons.wikimedia.org/wiki/Special:FilePath/Flag%20of%20Saudi%20Arabia.svg","http://www.wikidata.org/entity/Q48","Asia","http://www.wikidata.org/entity/Q199857","Saudi riyal",2250000,"Point(44.116667 23.716667)","Q851"
"195","http://www.wikidata.org/entity/Q1041","Senegal","http://www.wikidata.org/entity/Q3718","Dakar","SN","SEN",686,"http://commons.wikimedia.org/wiki/Special:FilePath/Flag%20of%20Senegal.svg","http://www.wikidata.org/entity/Q15","Africa","http://www.wikidata.org/entity/Q861690","West African CFA franc",196722,"Point(-14.283333 14.366667)","Q1041"
"196","http://www.wikidata.org/entity/Q403","Serbia","http://www.wikidata.org/entity/Q3711","Belgrade","RS","SRB",688,"http://commons.wikimedia.org/wiki/Special:FilePath/Flag%20of%20Serbia.svg","http://www.wikidata.org/entity/Q46","Europe","http://www.wikidata.org/entity/Q172524","Serbian dinar",88361,"Point(20.933333333 43.95)","Q403"
"197","http://www.wikidata.org/entity/Q1042","Seychelles","http://www.wikidata.org/entity/Q3940","Victoria","SC","SYC",690,"http://commons.wikimedia.org/wiki/Special:FilePath/Flag%20of%20Seychelles.svg","http://www.wikidata.org/entity/Q15","Africa","http://www.wikidata.org/entity/Q4595","Seychellois rupee",459,"Point(52.766667 -7.1)","Q1042"
"198","http://www.wikidata.org/entity/Q1044","Sierra Leone","http://www.wikidata.org/entity/Q3780","Freetown","SL","SLE",694,"http://commons.wikimedia.org/wiki/Special:FilePath/Flag%20of%20Sierra%20Leone.svg","http://www.wikidata.org/entity/Q15","Africa","http://www.wikidata.org/entity/Q4587","Sierra Leonean leone",71740,"Point(-12.1 8.5)","Q1044"
"199","http://www.wikidata.org/entity/Q334","Singapore","http://www.wikidata.org/entity/Q334","Singapore","SG","SGP",702,"http://commons.wikimedia.org/wiki/Special:FilePath/Flag%20of%20Singapore.svg","http://www.wikidata.org/entity/Q48","Asia","http://www.wikidata.org/entity/Q190951","Singapore dollar",719.1,"Point(103.8 1.3)","Q334"
"200","http://www.wikidata.org/entity/Q214","Slovakia","http://www.wikidata.org/entity/Q1780","Bratislava","SK","SVK",703,"http://commons.wikimedia.org/wiki/Special:FilePath/Flag%20of%20Slovakia.svg","http://www.wikidata.org/entity/Q46","Europe","http://www.wikidata.org/entity/Q4916","euro",49035,"Point(20.0 49.0)","Q214"
"201","http://www.wikidata.org/entity/Q215","Slovenia","http://www.wikidata.org/entity/Q437","Ljubljana","SI","SVN",705,"http://commons.wikimedia.org/wiki/Special:FilePath/Flag%20of%20Slovenia.svg","http://www.wikidata.org/entity/Q46","Europe","http://www.wikidata.org/entity/Q4916","euro",20273,"Point(15.0 46.0)","Q215"
"202","http://www.wikidata.org/entity/Q685","Solomon Islands","http://www.wikidata.org/entity/Q40921","Honiara","SB","SLB",90,"http://commons.wikimedia.org/wiki/Special:FilePath/Flag%20of%20the%20Solomon%20Islands.svg","http://www.wikidata.org/entity/Q538","Oceania","http://www.wikidata.org/entity/Q4597","Solomon Islands dollar",28400,"Point(159.816666666 -9.466666666)","Q685"
"203","http://www.wikidata.org/entity/Q1045","Somalia","http://www.wikidata.org/entity/Q2449","Mogadishu","SO","SOM",706,"http://commons.wikimedia.org/wiki/Special:FilePath/Flag%20of%20Somalia.svg","http://www.wikidata.org/entity/Q15","Africa","http://www.wikidata.org/entity/Q4603","Somali shilling",637657,"Point(47.0 6.0)","Q1045"
"204","http://www.wikidata.org/entity/Q258","South Africa","http://www.wikidata.org/entity/Q3926","Pretoria","ZA","ZAF",710,"http://commons.wikimedia.org/wiki/Special:FilePath/Flag%20of%20South%20Africa.svg","http://www.wikidata.org/entity/Q15","Africa","http://www.wikidata.org/entity/Q181907","South African rand",1221037,"Point(24.0 -29.0)","Q258"
"205","http://www.wikidata.org/entity/Q258","South Africa","http://www.wikidata.org/entity/Q5465","Cape Town","ZA","ZAF",710,"http://commons.wikimedia.org/wiki/Special:FilePath/Flag%20of%20South%20Africa.svg","http://www.wikidata.org/entity/Q15","Africa","http://www.wikidata.org/entity/Q181907","South African rand",1221037,"Point(24.0 -29.0)","Q258"
"206","http://www.wikidata.org/entity/Q258","South Africa","http://www.wikidata.org/entity/Q37701","Bloemfontein","ZA","ZAF",710,"http://commons.wikimedia.org/wiki/Special:FilePath/Flag%20of%20South%20Africa.svg","http://www.wikidata.org/entity/Q15","Africa","http://www.wikidata.org/entity/Q181907","South African rand",1221037,"Point(24.0 -29.0)","Q258"
"207","http://www.wikidata.org/entity/Q884","South Korea","http://www.wikidata.org/entity/Q8684","Seoul","KR","KOR",410,"http://commons.wikimedia.org/wiki/Special:FilePath/Flag%20of%20South%20Korea.svg","http://www.wikidata.org/entity/Q48","Asia","http://www.wikidata.org/entity/Q202040","South Korean won",100295,"Point(128.0 36.0)","Q884"
"208","http://www.wikidata.org/entity/Q884","South Korea","http://www.wikidata.org/entity/Q8684","Seoul","KR","KOR",410,"http://commons.wikimedia.org/wiki/Special:FilePath/Flag%20of%20South%20Korea.svg","http://www.wikidata.org/entity/Q48","Asia","http://www.wikidata.org/entity/Q3867091","Korean mun",100295,"Point(128.0 36.0)","Q884"
"209","http://www.wikidata.org/entity/Q958","South Sudan","http://www.wikidata.org/entity/Q1947","Juba","SS","SSD",728,"http://commons.wikimedia.org/wiki/Special:FilePath/Flag%20of%20South%20Sudan.svg","http://www.wikidata.org/entity/Q15","Africa","http://www.wikidata.org/entity/Q244366","South Sudanese pound",619745.304981,"Point(30.0 7.0)","Q958"
"210","http://www.wikidata.org/entity/Q29","Spain","http://www.wikidata.org/entity/Q2807","Madrid","ES","ESP",724,"http://commons.wikimedia.org/wiki/Special:FilePath/Flag%20of%20Spain.svg","http://www.wikidata.org/entity/Q46","Europe","http://www.wikidata.org/entity/Q4916","euro",505990,"Point(-3.5 40.2)","Q29"
"211","http://www.wikidata.org/entity/Q854","Sri Lanka","http://www.wikidata.org/entity/Q35381","Colombo","LK","LKA",144,"http://commons.wikimedia.org/wiki/Special:FilePath/Flag%20of%20Sri%20Lanka.svg","http://www.wikidata.org/entity/Q48","Asia","http://www.wikidata.org/entity/Q4596","Sri Lankan rupee",65610,"Point(81.0 7.0)","Q854"
"212","http://www.wikidata.org/entity/Q854","Sri Lanka","http://www.wikidata.org/entity/Q41963","Sri Jayawardenepura Kotte","LK","LKA",144,"http://commons.wikimedia.org/wiki/Special:FilePath/Flag%20of%20Sri%20Lanka.svg","http://www.wikidata.org/entity/Q48","Asia","http://www.wikidata.org/entity/Q4596","Sri Lankan rupee",65610,"Point(81.0 7.0)","Q854"
"213","http://www.wikidata.org/entity/Q1049","Sudan","http://www.wikidata.org/entity/Q1963","Khartoum","SD","SDN",729,"http://commons.wikimedia.org/wiki/Special:FilePath/Flag%20of%20Sudan.svg","http://www.wikidata.org/entity/Q15","Africa","http://www.wikidata.org/entity/Q271206","Sudanese pound",1886068,"Point(32.0 15.0)","Q1049"
"214","http://www.wikidata.org/entity/Q730","Suriname","http://www.wikidata.org/entity/Q3001","Paramaribo","SR","SUR",740,"http://commons.wikimedia.org/wiki/Special:FilePath/Flag%20of%20Suriname.svg","http://www.wikidata.org/entity/Q18","South America","http://www.wikidata.org/entity/Q202036","Surinamese dollar",163270,"Point(-56.0 4.0)","Q730"
"215","http://www.wikidata.org/entity/Q34","Sweden","http://www.wikidata.org/entity/Q1754","Stockholm","SE","SWE",752,"http://commons.wikimedia.org/wiki/Special:FilePath/Flag%20of%20Sweden.svg","http://www.wikidata.org/entity/Q46","Europe","http://www.wikidata.org/entity/Q122922","Swedish krona",528861.06,"Point(15.0 61.0)","Q34"
"216","http://www.wikidata.org/entity/Q39","Switzerland","http://www.wikidata.org/entity/Q70","Bern","CH","CHE",756,"http://commons.wikimedia.org/wiki/Special:FilePath/Flag%20of%20Switzerland.svg","http://www.wikidata.org/entity/Q46","Europe","http://www.wikidata.org/entity/Q25344","Swiss franc",41285,"Point(8.231973 46.798562)","Q39"
"217","http://www.wikidata.org/entity/Q858","Syria","http://www.wikidata.org/entity/Q3766","Damascus","SY","SYR",760,"http://commons.wikimedia.org/wiki/Special:FilePath/Flag%20of%20Syria.svg","http://www.wikidata.org/entity/Q48","Asia","http://www.wikidata.org/entity/Q240468","Syrian pound",185180,"Point(38.583333 35.216667)","Q858"
"218","http://www.wikidata.org/entity/Q1039","São Tomé and Príncipe","http://www.wikidata.org/entity/Q3932","São Tomé","ST","STP",678,"http://commons.wikimedia.org/wiki/Special:FilePath/Flag%20of%20Sao%20Tome%20and%20Principe.svg","http://www.wikidata.org/entity/Q15","Africa","http://www.wikidata.org/entity/Q193712","São Tomé and Príncipe dobra",1001,"Point(6.6 0.316667)","Q1039"
"219","http://www.wikidata.org/entity/Q865","Taiwan","http://www.wikidata.org/entity/Q1867","Taipei","TW","TWN",158,"http://commons.wikimedia.org/wiki/Special:FilePath/Flag%20of%20the%20Republic%20of%20China.svg","http://www.wikidata.org/entity/Q48","Asia","http://www.wikidata.org/entity/Q208526","New Taiwan dollar",36193,"Point(121.0 24.0)","Q865"
"220","http://www.wikidata.org/entity/Q863","Tajikistan","http://www.wikidata.org/entity/Q9365","Dushanbe","TJ","TJK",762,"http://commons.wikimedia.org/wiki/Special:FilePath/Flag%20of%20Tajikistan.svg","http://www.wikidata.org/entity/Q48","Asia","http://www.wikidata.org/entity/Q199886","Tajikistani somoni",143100,"Point(71.366667 38.583333)","Q863"
"221","http://www.wikidata.org/entity/Q924","Tanzania","http://www.wikidata.org/entity/Q3866","Dodoma","TZ","TZA",834,"http://commons.wikimedia.org/wiki/Special:FilePath/Flag%20of%20Tanzania.svg","http://www.wikidata.org/entity/Q15","Africa","http://www.wikidata.org/entity/Q4589","Tanzanian shilling",947303,"Point(34.854 -6.307)","Q924"
"222","http://www.wikidata.org/entity/Q869","Thailand","http://www.wikidata.org/entity/Q1861","Bangkok","TH","THA",764,"http://commons.wikimedia.org/wiki/Special:FilePath/Flag%20of%20Thailand.svg","http://www.wikidata.org/entity/Q48","Asia","http://www.wikidata.org/entity/Q177882","baht",513119.5,"Point(101.0 14.0)","Q869"
"223","http://www.wikidata.org/entity/Q778","The Bahamas","http://www.wikidata.org/entity/Q2467","Nassau","BS","BHS",44,"http://commons.wikimedia.org/wiki/Special:FilePath/Flag%20of%20the%20Bahamas.svg","http://www.wikidata.org/entity/Q49","North America","http://www.wikidata.org/entity/Q194339","Bahamian dollar",13878,"Point(-76.4 23.7)","Q778"
"224","http://www.wikidata.org/entity/Q1005","The Gambia","http://www.wikidata.org/entity/Q3726","Banjul","GM","GMB",270,"http://commons.wikimedia.org/wiki/Special:FilePath/Flag%20of%20The%20Gambia.svg","http://www.wikidata.org/entity/Q15","Africa","http://www.wikidata.org/entity/Q202885","dalasi",11300,"Point(-15.5 13.5)","Q1005"
"225","http://www.wikidata.org/entity/Q945","Togo","http://www.wikidata.org/entity/Q3792","Lomé","TG","TGO",768,"http://commons.wikimedia.org/wiki/Special:FilePath/Flag%20of%20Togo.svg","http://www.wikidata.org/entity/Q15","Africa","http://www.wikidata.org/entity/Q861690","West African CFA franc",56785,"Point(1.183333 8.25)","Q945"
"226","http://www.wikidata.org/entity/Q678","Tonga","http://www.wikidata.org/entity/Q38834","Nuku'alofa","TO","TON",776,"http://commons.wikimedia.org/wiki/Special:FilePath/Flag%20of%20Tonga.svg","http://www.wikidata.org/entity/Q538","Oceania","http://www.wikidata.org/entity/Q4613","Tongan pa<U+02BB>anga",748.506563,"Point(-174.810278 -20.587778)","Q678"
"227","http://www.wikidata.org/entity/Q754","Trinidad and Tobago","http://www.wikidata.org/entity/Q39178","Port of Spain","TT","TTO",780,"http://commons.wikimedia.org/wiki/Special:FilePath/Flag%20of%20Trinidad%20and%20Tobago.svg","http://www.wikidata.org/entity/Q49","North America","http://www.wikidata.org/entity/Q242890","Trinidad and Tobago dollar",5128,"Point(-61.516666666 10.666666666)","Q754"
"228","http://www.wikidata.org/entity/Q948","Tunisia","http://www.wikidata.org/entity/Q3572","Tunis","TN","TUN",788,"http://commons.wikimedia.org/wiki/Special:FilePath/Flag%20of%20Tunisia.svg","http://www.wikidata.org/entity/Q15","Africa","http://www.wikidata.org/entity/Q4602","Tunisian dinar",163610,"Point(10.0 34.0)","Q948"
"229","http://www.wikidata.org/entity/Q43","Turkey","http://www.wikidata.org/entity/Q3640","Ankara","TR","TUR",792,"http://commons.wikimedia.org/wiki/Special:FilePath/Flag%20of%20Turkey.svg","http://www.wikidata.org/entity/Q46","Europe","http://www.wikidata.org/entity/Q172872","Turkish lira",783562.05296,"Point(36.0 39.0)","Q43"
"230","http://www.wikidata.org/entity/Q43","Turkey","http://www.wikidata.org/entity/Q3640","Ankara","TR","TUR",792,"http://commons.wikimedia.org/wiki/Special:FilePath/Flag%20of%20Turkey.svg","http://www.wikidata.org/entity/Q48","Asia","http://www.wikidata.org/entity/Q172872","Turkish lira",783562.05296,"Point(36.0 39.0)","Q43"
"231","http://www.wikidata.org/entity/Q874","Turkmenistan","http://www.wikidata.org/entity/Q23438","Ashgabat","TM","TKM",795,"http://commons.wikimedia.org/wiki/Special:FilePath/Flag%20of%20Turkmenistan.svg","http://www.wikidata.org/entity/Q48","Asia","http://www.wikidata.org/entity/Q486637","Turkmenistan manat",491210,"Point(60.0 39.0)","Q874"
"232","http://www.wikidata.org/entity/Q672","Tuvalu","http://www.wikidata.org/entity/Q34126","Funafuti","TV","TUV",798,"http://commons.wikimedia.org/wiki/Special:FilePath/Flag%20of%20Tuvalu.svg","http://www.wikidata.org/entity/Q538","Oceania","http://www.wikidata.org/entity/Q4406","Tuvaluan dollar",26,"Point(178.005556 -7.475)","Q672"
"233","http://www.wikidata.org/entity/Q672","Tuvalu","http://www.wikidata.org/entity/Q34126","Funafuti","TV","TUV",798,"http://commons.wikimedia.org/wiki/Special:FilePath/Flag%20of%20Tuvalu.svg","http://www.wikidata.org/entity/Q538","Oceania","http://www.wikidata.org/entity/Q259502","Australian dollar",26,"Point(178.005556 -7.475)","Q672"
"234","http://www.wikidata.org/entity/Q1036","Uganda","http://www.wikidata.org/entity/Q3894","Kampala","UG","UGA",800,"http://commons.wikimedia.org/wiki/Special:FilePath/Flag%20of%20Uganda.svg","http://www.wikidata.org/entity/Q15","Africa","http://www.wikidata.org/entity/Q4598","Ugandan shilling",241038,"Point(32.39 1.28)","Q1036"
"235","http://www.wikidata.org/entity/Q212","Ukraine","http://www.wikidata.org/entity/Q1899","Kyiv","UA","UKR",804,"http://commons.wikimedia.org/wiki/Special:FilePath/Flag%20of%20Ukraine.svg","http://www.wikidata.org/entity/Q46","Europe","http://www.wikidata.org/entity/Q81893","hryvnia",603629,"Point(32.0 49.0)","Q212"
"236","http://www.wikidata.org/entity/Q878","United Arab Emirates","http://www.wikidata.org/entity/Q1519","Abu Dhabi","AE","ARE",784,"http://commons.wikimedia.org/wiki/Special:FilePath/Flag%20of%20the%20United%20Arab%20Emirates.svg","http://www.wikidata.org/entity/Q48","Asia","http://www.wikidata.org/entity/Q200294","United Arab Emirates dirham",83600,"Point(54.3 24.4)","Q878"
"237","http://www.wikidata.org/entity/Q145","United Kingdom","http://www.wikidata.org/entity/Q84","London","GB","GBR",826,"http://commons.wikimedia.org/wiki/Special:FilePath/Flag%20of%20the%20United%20Kingdom.svg","http://www.wikidata.org/entity/Q46","Europe","http://www.wikidata.org/entity/Q25224","pound sterling",242495.406794,"Point(-2.0 54.6)","Q145"
"238","http://www.wikidata.org/entity/Q30","United States of America","http://www.wikidata.org/entity/Q61","Washington, D.C.","US","USA",840,"http://commons.wikimedia.org/wiki/Special:FilePath/Flag%20of%20the%20United%20States.svg","http://www.wikidata.org/entity/Q49","North America","http://www.wikidata.org/entity/Q4917","United States dollar",9826675,"Point(-98.5795 39.828175)","Q30"
"239","http://www.wikidata.org/entity/Q30","United States of America","http://www.wikidata.org/entity/Q61","Washington, D.C.","US","USA",840,"http://commons.wikimedia.org/wiki/Special:FilePath/Flag%20of%20the%20United%20States.svg","http://www.wikidata.org/entity/Q538","Oceania","http://www.wikidata.org/entity/Q4917","United States dollar",9826675,"Point(-98.5795 39.828175)","Q30"
"240","http://www.wikidata.org/entity/Q77","Uruguay","http://www.wikidata.org/entity/Q1335","Montevideo","UY","URY",858,"http://commons.wikimedia.org/wiki/Special:FilePath/Flag%20of%20Uruguay.svg","http://www.wikidata.org/entity/Q18","South America","http://www.wikidata.org/entity/Q209272","Uruguayan peso",176215,"Point(-56.65 -32.733333333)","Q77"
"241","http://www.wikidata.org/entity/Q265","Uzbekistan","http://www.wikidata.org/entity/Q269","Tashkent","UZ","UZB",860,"http://commons.wikimedia.org/wiki/Special:FilePath/Flag%20of%20Uzbekistan.svg","http://www.wikidata.org/entity/Q48","Asia","http://www.wikidata.org/entity/Q487888","Uzbekistani som",448978,"Point(66.0 41.0)","Q265"
"242","http://www.wikidata.org/entity/Q686","Vanuatu","http://www.wikidata.org/entity/Q37806","Port Vila","VU","VUT",548,"http://commons.wikimedia.org/wiki/Special:FilePath/Flag%20of%20Vanuatu.svg","http://www.wikidata.org/entity/Q538","Oceania","http://www.wikidata.org/entity/Q207523","Vanuatu vatus",12190,"Point(168.016669444 -16.633330555)","Q686"
"243","http://www.wikidata.org/entity/Q237","Vatican City",NA,NA,"VA","VAT",336,"http://commons.wikimedia.org/wiki/Special:FilePath/Flag%20of%20the%20Vatican%20City.svg","http://www.wikidata.org/entity/Q46","Europe","http://www.wikidata.org/entity/Q4916","euro",0.440297,"Point(12.453 41.904)","Q237"
"244","http://www.wikidata.org/entity/Q717","Venezuela","http://www.wikidata.org/entity/Q1533","Caracas","VE","VEN",862,"http://commons.wikimedia.org/wiki/Special:FilePath/Flag%20of%20Venezuela.svg","http://www.wikidata.org/entity/Q18","South America","http://www.wikidata.org/entity/Q56349362","Sovereign Bolivar",916445,"Point(-67.0 8.0)","Q717"
"245","http://www.wikidata.org/entity/Q881","Vietnam","http://www.wikidata.org/entity/Q1858","Hanoi","VN","VNM",704,"http://commons.wikimedia.org/wiki/Special:FilePath/Flag%20of%20Vietnam.svg","http://www.wikidata.org/entity/Q48","Asia","http://www.wikidata.org/entity/Q192090","Vietnamese dong",331690,"Point(108.0 16.0)","Q881"
"246","http://www.wikidata.org/entity/Q805","Yemen","http://www.wikidata.org/entity/Q2471","Sanaa","YE","YEM",887,"http://commons.wikimedia.org/wiki/Special:FilePath/Flag%20of%20Yemen.svg","http://www.wikidata.org/entity/Q48","Asia","http://www.wikidata.org/entity/Q240512","Yemeni rial",555000,"Point(48.0 15.5)","Q805"
"247","http://www.wikidata.org/entity/Q805","Yemen","http://www.wikidata.org/entity/Q131694","Aden","YE","YEM",887,"http://commons.wikimedia.org/wiki/Special:FilePath/Flag%20of%20Yemen.svg","http://www.wikidata.org/entity/Q48","Asia","http://www.wikidata.org/entity/Q240512","Yemeni rial",555000,"Point(48.0 15.5)","Q805"
"248","http://www.wikidata.org/entity/Q953","Zambia","http://www.wikidata.org/entity/Q3881","Lusaka","ZM","ZMB",894,"http://commons.wikimedia.org/wiki/Special:FilePath/Flag%20of%20Zambia.svg","http://www.wikidata.org/entity/Q15","Africa","http://www.wikidata.org/entity/Q73408","Zambian kwacha",752618,"Point(28.0 -14.0)","Q953"
"249","http://www.wikidata.org/entity/Q954","Zimbabwe","http://www.wikidata.org/entity/Q3921","Harare","ZW","ZWE",716,"http://commons.wikimedia.org/wiki/Special:FilePath/Flag%20of%20Zimbabwe.svg","http://www.wikidata.org/entity/Q15","Africa","http://www.wikidata.org/entity/Q4917","United States dollar",390757,"Point(30.0 -19.0)","Q954"
